event_id,dataset_type,is_demo,latitude,longitude,acquisition_datetime,satellite,instrument,frp,brightness_temperature_k,firms_confidence,scan_km,track_km,day_night,nearest_facility_type,nearest_facility_distance_m,industrial_context_score,nearest_water_distance_m,dw_water,dw_trees,dw_grass,dw_flooded_vegetation,dw_crops,dw_shrub_scrub,dw_built,dw_bare,dw_snow_ice,dw_dominant_class,dw_confidence,detections_24h,detections_3d,detections_7d,active_days,persistence_duration_days,mean_frp,max_frp,target_class
demo_000540,synthetic_demo,True,31.641159,77.27523,2026-08-03T18:27:00,VIIRS,VIIRS,18.755,331.715,66.4,1.484,0.419,D,forest,161.46,0.0849,1136.33,0.020232,0.038171,0.171179,0.040634,0.42511,0.073381,0.111201,0.120092,0.0,crops,0.42511,1,1,1,1,1,17.76,22.205,Agricultural Fire
demo_000639,synthetic_demo,True,23.375846,85.457918,2026-08-19T01:28:00,MODIS,MODIS,112.972,332.441,85.31,0.445,0.579,D,industrial,95.57,0.8514,695.26,0.085004,0.059056,0.002542,5e-05,1e-06,0.006017,0.638352,0.208978,0.0,built,0.638352,70,478,478,519,519,104.893,164.896,Persistent Thermal Source
demo_000760,synthetic_demo,True,24.063267,84.480047,2026-08-24T02:58:00,MODIS,VIIRS,98.696,340.068,80.92,0.714,0.679,N,warehouse,217.63,0.7196,728.99,0.181281,0.103403,0.129383,4.2e-05,1e-06,0.000356,0.470656,0.060746,0.054133,built,0.470656,72,141,320,420,420,81.674,104.44,Persistent Thermal Source
demo_000469,synthetic_demo,True,32.200941,76.165306,2026-08-13T15:13:00,MODIS,MODIS,32.505,323.516,82.4,0.4,0.699,D,industrial,775.18,0.1927,640.52,0.025992,0.036977,0.031261,0.046165,0.550285,0.181151,0.087762,0.040407,0.0,crops,0.550285,1,1,1,1,1,29.458,50.734,Agricultural Fire
demo_000923,synthetic_demo,True,26.237563,70.408589,2026-02-01T13:05:00,MODIS,MODIS,42.246,305.913,70.53,1.319,1.437,D,water,764.8,0.0776,2046.77,0.148782,0.043027,0.027732,0.012915,0.080288,0.242385,0.048997,0.395784,9e-05,bare,0.395784,2,7,8,11,11,42.225,67.846,Unknown / Other
demo_000062,synthetic_demo,True,18.544951,72.555639,2026-07-28T11:47:00,VIIRS,VIIRS,68.133,328.547,81.82,0.504,1.844,D,none,239.56,0.5802,481.13,0.043883,0.016517,0.035169,0.000671,0.000294,0.0,0.851777,0.051689,0.0,built,0.851777,3,8,15,21,21,70.344,82.485,Industrial Fire
demo_000369,synthetic_demo,True,23.278881,78.760915,2026-05-06T01:33:00,MODIS,VIIRS,144.147,333.938,82.41,0.913,1.049,N,industrial,4779.95,0.0699,1142.37,0.045748,0.515706,0.180475,0.002935,0.002155,0.215262,0.012639,0.02508,0.0,trees,,1,1,3,2,2,115.634,144.147,Wildfire / Natural Fire
demo_000715,synthetic_demo,True,22.78162,82.842312,2026-08-10T00:48:00,VIIRS,VIIRS,96.549,334.398,85.92,0.927,0.719,D,none,477.47,0.5565,1534.82,0.144581,0.013117,0.117492,0.00676,0.001003,0.01272,0.459243,0.245024,6e-05,built,0.459243,255,312,730,708,708,74.45,96.549,Persistent Thermal Source
demo_000148,synthetic_demo,True,20.529717,72.00135,2026-01-12T12:54:00,VIIRS,MODIS,32.458,339.513,89.67,0.796,1.308,D,forest,60.21,0.5822,832.51,0.036736,0.052207,0.021207,0.049785,0.026646,0.00012,0.666692,0.146606,0.0,built,0.666692,2,8,19,18,18,30.458,36.451,Industrial Fire
demo_000284,synthetic_demo,True,21.80983,78.103885,2026-02-04T19:58:00,VIIRS,VIIRS,70.061,334.918,79.28,1.198,1.356,D,water,1857.62,0.0432,1892.53,0.157233,0.498745,0.228238,0.003618,0.050996,0.044167,1e-05,0.016994,0.0,trees,0.498745,1,4,7,6,6,49.771,70.872,Wildfire / Natural Fire
demo_000920,synthetic_demo,True,23.856529,71.930924,2026-05-17T00:11:00,MODIS,MODIS,34.672,318.428,52.24,1.316,0.737,N,warehouse,2415.6,0.1308,1407.72,0.039209,0.108539,0.066483,0.002211,0.102383,0.231813,0.00902,0.440342,0.0,bare,0.440342,4,9,18,14,14,34.886,60.132,Unknown / Other
demo_000959,synthetic_demo,True,28.248235,69.879059,2026-08-06T17:32:00,MODIS,VIIRS,12.62,311.456,61.29,1.097,0.985,D,farm,7914.87,0.0176,228.36,0.072035,0.148663,0.155481,0.000632,0.056379,0.214405,0.004001,0.348404,0.0,bare,0.348404,1,7,7,8,8,10.542,18.632,Unknown / Other
demo_000048,synthetic_demo,True,18.654056,72.046403,2026-04-12T23:05:00,VIIRS,MODIS,209.824,350.908,81.29,0.66,0.906,N,water,624.69,0.7138,643.69,0.202739,0.019348,0.002683,0.000172,0.035887,1e-06,0.462315,0.276855,1e-06,built,0.462315,2,13,16,14,14,174.149,308.209,Industrial Fire
demo_000746,synthetic_demo,True,25.592067,86.838606,2026-01-11T04:44:00,MODIS,MODIS,56.58,337.282,87.67,0.49,0.819,D,none,24.65,0.7548,368.55,0.247513,0.006935,0.000271,0.014383,0.015213,0.000101,0.537839,0.168976,0.008768,built,0.537839,193,274,653,585,585,54.403,63.906,Persistent Thermal Source
demo_000989,synthetic_demo,True,27.561752,69.585451,2026-01-31T14:17:00,VIIRS,MODIS,20.711,315.754,48.61,1.656,1.459,D,industrial,1106.89,0.0001,393.47,0.074969,0.099873,0.050438,0.11762,0.052829,0.010755,0.000931,0.592584,0.0,bare,0.592584,1,2,5,6,6,15.302,21.075,Unknown / Other
demo_000726,synthetic_demo,True,22.674241,87.775844,2026-04-25T07:24:00,MODIS,VIIRS,70.746,334.257,85.63,0.605,2.044,D,farm,222.96,0.8976,462.07,0.161816,0.041792,0.002058,5.5e-05,0.042444,0.01686,0.666098,0.068877,0.0,built,0.666098,57,91,215,236,236,67.103,84.62,Persistent Thermal Source
demo_000127,synthetic_demo,True,18.06421,74.049026,2026-04-06T00:33:00,MODIS,VIIRS,103.406,350.993,85.55,0.681,2.038,D,farm,136.55,0.7907,1541.2,0.119721,0.002759,0.07081,1e-06,0.01009,0.027799,0.513246,0.255575,0.0,built,0.513246,6,11,16,23,23,87.38,105.827,Industrial Fire
demo_000102,synthetic_demo,True,19.812166,74.906334,2026-05-31T15:55:00,VIIRS,MODIS,93.899,344.109,78.88,0.514,1.303,D,industrial,224.22,0.6068,636.65,0.019614,0.320177,0.040218,5e-05,0.001065,0.000526,0.452907,0.165442,0.0,built,0.452907,3,8,20,23,23,76.099,93.899,Industrial Fire
demo_000944,synthetic_demo,True,26.696298,68.696064,2026-06-29T07:54:00,VIIRS,VIIRS,20.08,317.314,72.98,1.135,1.985,D,forest,2549.85,0.2016,384.39,0.037094,0.254139,0.082989,0.000126,0.040783,0.057795,0.023946,0.49424,0.008888,bare,0.49424,4,6,14,12,12,19.093,32.666,Unknown / Other
demo_000792,synthetic_demo,True,23.462177,86.818621,2026-06-11T14:51:00,VIIRS,MODIS,128.54,327.742,84.77,0.662,1.46,N,farm,118.28,0.7664,1823.09,0.002633,0.013829,0.002368,0.002097,0.155048,0.041765,0.611312,0.081469,0.089479,built,0.611312,30,87,87,113,113,132.207,191.222,Persistent Thermal Source
demo_000086,synthetic_demo,True,18.43513,72.789158,2026-05-11T16:23:00,VIIRS,VIIRS,58.18,341.388,82.86,1.601,1.894,D,none,115.34,0.6887,1152.77,0.011819,0.038835,0.064222,0.026859,0.048906,0.018471,0.477402,0.313409,7.8e-05,built,0.477402,2,7,14,13,13,45.175,66.74,Industrial Fire
demo_000415,synthetic_demo,True,30.99894,75.551153,2026-05-10T06:28:00,MODIS,VIIRS,48.636,322.796,79.16,0.576,1.583,N,none,537.64,0.3117,1571.38,0.029906,0.141162,0.045335,0.001066,0.603516,0.03729,0.016497,0.121287,0.003941,crops,0.603516,1,3,3,3,3,36.638,62.118,Agricultural Fire
demo_000037,synthetic_demo,True,18.231229,71.965775,2026-05-24T12:32:00,MODIS,MODIS,56.26,341.004,97.75,0.787,0.924,D,forest,93.72,0.8806,1723.9,0.237322,0.055574,0.017028,0.004352,0.018477,0.027146,0.592727,0.04737,4e-06,built,0.592727,6,10,27,23,23,42.13,71.478,Industrial Fire
demo_000470,synthetic_demo,True,31.85365,77.396551,2026-02-06T23:16:00,VIIRS,VIIRS,12.354,325.625,87.97,1.431,1.296,N,none,1385.56,0.145,951.41,0.038122,0.059239,0.263192,0.000246,0.439963,0.046119,0.096776,0.056343,0.0,crops,0.439963,1,2,2,2,2,11.115,18.656,Agricultural Fire
demo_000629,synthetic_demo,True,22.333812,86.576085,2026-01-19T17:02:00,VIIRS,MODIS,65.754,332.616,96.06,0.886,1.424,D,forest,134.91,0.5577,390.11,0.170313,0.119524,0.00281,6e-06,0.14704,0.107149,0.422346,0.030484,0.000328,built,,194,284,372,502,502,62.003,96.51,Persistent Thermal Source
demo_000645,synthetic_demo,True,23.146207,86.239886,2026-06-03T15:37:00,MODIS,MODIS,149.517,334.459,96.22,0.37,1.291,D,water,114.94,0.7924,1052.68,0.088158,0.061712,0.017025,0.005713,0.000121,0.001354,0.744322,0.081551,4.4e-05,built,0.744322,134,243,627,606,606,109.547,156.273,Persistent Thermal Source
demo_000011,synthetic_demo,True,19.234851,74.68002,2026-04-02T18:52:00,VIIRS,VIIRS,31.034,339.248,93.84,0.434,0.429,D,forest,151.56,0.9552,1179.88,0.158622,0.009026,0.059424,1e-05,1.4e-05,3e-05,0.652381,0.120485,7e-06,built,0.652381,4,8,10,10,10,30.974,45.541,Industrial Fire
demo_000049,synthetic_demo,True,17.965591,72.506528,2026-03-11T19:45:00,VIIRS,MODIS,99.382,310.561,91.56,1.408,0.93,D,forest,160.52,0.9358,2403.12,0.149743,0.005094,0.00341,0.004973,0.095017,0.010028,0.51348,0.191802,0.026452,built,0.51348,3,4,13,12,12,69.621,99.382,Industrial Fire
demo_000342,synthetic_demo,True,22.311951,75.556543,2026-01-27T07:56:00,MODIS,MODIS,215.742,355.971,88.37,1.553,0.704,N,farm,1379.58,0.0977,1269.54,0.144429,0.397947,0.04396,0.002283,0.063856,0.279924,0.038227,0.029372,0.0,trees,0.397947,1,2,4,3,3,212.375,380.136,Wildfire / Natural Fire
demo_000309,synthetic_demo,True,23.16584,78.542678,2026-05-25T21:57:00,MODIS,MODIS,142.557,351.658,90.57,0.732,0.581,D,industrial,4228.11,0.1128,808.46,0.07535,0.340034,0.159682,0.098138,0.062858,0.210987,1.9e-05,0.052932,0.0,trees,0.340034,1,2,5,5,5,134.555,222.209,Wildfire / Natural Fire
demo_000318,synthetic_demo,True,21.657646,76.851865,2026-05-11T06:54:00,VIIRS,VIIRS,54.853,339.199,83.64,1.414,0.444,D,warehouse,1856.24,0.0635,723.43,0.004323,0.603572,0.062122,0.094269,0.034348,0.127214,3.3e-05,0.07412,0.0,trees,0.603572,1,1,1,1,1,40.283,60.859,Wildfire / Natural Fire
demo_000378,synthetic_demo,True,24.531724,79.502805,2026-07-11T04:33:00,VIIRS,VIIRS,151.201,351.584,97.73,0.677,1.971,D,farm,3620.35,0.1343,409.47,0.065312,0.569606,0.067601,0.004163,0.026408,0.228624,0.033658,0.004628,0.0,trees,0.569606,2,4,12,11,11,140.672,212.424,Wildfire / Natural Fire
demo_000089,synthetic_demo,True,18.10799,73.307592,2026-07-03T08:13:00,VIIRS,MODIS,50.476,333.344,70.73,0.55,1.015,D,farm,108.14,0.8709,500.6,0.058213,0.28274,0.039763,0.001319,0.012009,0.000287,0.501226,0.104442,0.0,built,0.501226,4,7,27,21,21,35.913,50.476,Industrial Fire
demo_000195,synthetic_demo,True,19.248257,73.043126,2026-03-12T23:05:00,VIIRS,VIIRS,45.28,333.93,87.45,1.495,1.576,D,forest,123.45,0.9175,119.4,0.105709,0.070586,0.252413,0.018491,0.052444,0.000885,0.486668,0.012701,0.000102,built,0.486668,3,5,7,8,8,35.859,50.798,Industrial Fire
demo_000022,synthetic_demo,True,18.321404,73.210072,2026-03-29T02:57:00,VIIRS,VIIRS,114.202,358.621,89.37,1.088,2.076,D,industrial,639.77,0.6519,2374.61,0.287048,0.05014,0.016854,0.013542,0.103287,0.005858,0.450193,0.073078,0.0,built,0.450193,2,3,6,7,7,115.692,130.807,Industrial Fire
demo_000121,synthetic_demo,True,20.138595,72.262954,2026-04-08T10:25:00,MODIS,VIIRS,119.327,339.197,80.8,0.382,1.956,D,none,183.78,0.8429,701.69,0.211653,0.081373,0.037731,0.000102,0.015433,0.018005,0.447913,0.187786,3e-06,built,0.447913,3,7,21,16,16,88.718,140.844,Industrial Fire
demo_000899,synthetic_demo,True,23.806337,73.386306,2026-05-03T13:16:00,MODIS,VIIRS,15.149,311.985,53.33,0.482,0.833,N,industrial,3151.11,0.0206,1163.4,0.007867,0.043314,0.01565,0.091975,0.014836,0.074536,0.01116,0.740661,0.0,bare,0.740661,2,5,17,13,13,12.78,16.698,Unknown / Other
demo_000016,synthetic_demo,True,17.621867,71.206283,2026-01-24T17:57:00,MODIS,MODIS,88.047,348.258,74.24,1.761,1.178,D,forest,341.07,0.7556,415.41,0.063592,0.006695,0.036709,0.003799,0.004248,0.005345,0.79277,0.042152,0.044689,built,0.79277,2,6,13,14,14,83.677,142.463,Industrial Fire
demo_000997,synthetic_demo,True,25.352488,70.054925,2026-06-08T22:41:00,MODIS,VIIRS,12.203,322.464,58.62,0.711,0.784,N,farm,1207.17,0.0465,1399.35,0.030001,0.039161,0.070851,0.04097,0.002442,0.083486,0.035791,0.697299,0.0,bare,0.697299,1,1,1,1,1,10.674,15.893,Unknown / Other
demo_000716,synthetic_demo,True,23.278248,89.303393,2026-01-04T04:24:00,VIIRS,MODIS,100.409,331.962,81.28,1.358,1.966,D,none,252.73,0.6255,2122.74,0.005025,0.028944,0.017924,0.004288,0.001387,0.003315,0.827574,0.101237,0.010305,built,0.827574,125,275,299,392,392,80.055,100.409,Persistent Thermal Source
demo_000174,synthetic_demo,True,20.136539,74.060861,2026-01-17T13:08:00,MODIS,VIIRS,104.669,339.318,82.92,1.525,1.437,D,none,57.67,0.8647,1635.24,0.088329,0.080725,0.019923,0.007718,0.084162,0.001748,0.699073,0.01832,2e-06,built,0.699073,4,11,32,29,29,83.651,115.573,Industrial Fire
demo_000245,synthetic_demo,True,22.906433,79.173005,2026-08-21T01:23:00,VIIRS,VIIRS,117.474,331.596,69.82,1.506,0.827,D,none,1334.33,0.106,917.52,0.106857,0.542844,0.050586,0.072778,0.002898,0.157441,0.000624,0.065971,0.0,trees,0.542844,3,4,14,11,11,89.159,126.583,Wildfire / Natural Fire
demo_000903,synthetic_demo,True,23.956313,71.6121,2026-03-12T16:23:00,VIIRS,VIIRS,8.727,332.955,38.8,1.582,0.473,D,farm,2775.11,0.0724,140.77,0.072404,0.068146,0.064609,0.018077,0.041951,0.263966,0.061666,0.40917,1.2e-05,bare,0.40917,1,1,1,1,1,8.577,15.01,Unknown / Other
demo_000630,synthetic_demo,True,24.043748,87.171532,2026-02-23T16:12:00,MODIS,MODIS,75.067,335.418,86.31,1.088,1.341,N,water,178.6,0.8363,1181.68,0.004077,0.041185,0.033681,0.000367,1.4e-05,0.014044,0.723042,0.182089,0.001499,built,0.723042,134,185,731,549,549,61.314,86.481,Persistent Thermal Source
demo_000142,synthetic_demo,True,18.142333,72.151406,2026-02-15T10:00:00,MODIS,MODIS,91.413,338.558,93.44,1.051,1.334,D,farm,203.7,0.8502,345.69,0.101666,0.003174,0.0117,0.012011,0.033969,3e-06,0.6731,0.162812,0.001565,built,0.6731,1,2,3,4,4,95.853,105.456,Industrial Fire
demo_000863,synthetic_demo,True,26.920549,73.079326,2026-04-15T02:29:00,VIIRS,MODIS,34.049,299.718,71.55,1.282,2.197,D,forest,7165.15,0.0076,1568.83,0.139821,0.100315,0.068486,0.000303,0.010875,0.053246,0.047773,0.549513,0.029667,bare,0.549513,1,3,6,6,6,24.448,43.481,Unknown / Other
demo_000594,synthetic_demo,True,28.822264,75.090966,2026-05-26T02:29:00,MODIS,MODIS,13.712,319.875,89.5,0.493,0.878,D,industrial,305.73,0.1812,156.72,0.054314,0.025246,0.017895,0.000767,0.661705,0.048528,0.007943,0.183602,0.0,crops,0.661705,1,1,1,1,1,9.618,15.377,Agricultural Fire
demo_000702,synthetic_demo,True,22.78208,85.514389,2026-08-21T21:37:00,MODIS,MODIS,117.471,340.347,92.89,1.297,1.78,D,farm,84.74,0.9345,294.74,0.011353,0.020117,0.054966,0.000578,0.016088,0.00407,0.675914,0.216913,0.0,built,0.675914,102,239,239,313,313,114.71,129.305,Persistent Thermal Source
demo_000120,synthetic_demo,True,17.756765,73.599073,2026-04-11T01:22:00,MODIS,MODIS,78.699,337.591,96.34,1.765,0.451,D,forest,240.03,0.957,453.49,0.056839,0.039806,0.04489,0.022587,0.002481,0.019062,0.430645,0.38369,1e-06,built,0.430645,4,9,20,23,23,72.551,87.577,Industrial Fire
demo_000727,synthetic_demo,True,21.837628,87.713467,2026-04-30T01:19:00,VIIRS,VIIRS,64.802,347.099,97.06,1.667,0.531,D,farm,281.91,0.8493,1024.22,0.009395,0.002127,0.092705,0.000393,0.008372,0.0,0.652312,0.234696,0.0,built,0.652312,21,54,132,123,123,54.83,97.809,Persistent Thermal Source
demo_000484,synthetic_demo,True,30.426114,74.15539,2026-06-23T06:26:00,MODIS,VIIRS,30.247,328.378,90.78,0.588,0.469,D,farm,1290.73,0.1805,1153.2,0.004252,0.006251,0.009101,0.003019,0.551025,0.091687,0.215322,0.079149,0.040194,crops,0.551025,1,1,3,3,3,22.729,34.157,Agricultural Fire
demo_000458,synthetic_demo,True,31.880343,75.337971,2026-04-05T22:38:00,MODIS,MODIS,29.142,329.029,67.83,1.161,2.058,D,industrial,587.77,0.2212,671.21,0.094746,0.014908,0.093158,4.5e-05,0.577852,0.102179,0.031999,0.08509,2.2e-05,crops,0.577852,1,2,3,4,4,28.757,38.051,Agricultural Fire
demo_000806,synthetic_demo,True,26.711277,70.16506,2026-07-24T09:03:00,VIIRS,MODIS,13.369,309.815,79.15,1.366,1.156,D,none,4610.24,0.2163,584.28,0.043594,0.354123,0.049544,0.005613,0.004386,0.049158,0.011196,0.482387,0.0,bare,0.482387,2,11,12,11,11,12.081,15.876,Unknown / Other
demo_000391,synthetic_demo,True,21.285271,79.806651,2026-03-29T01:54:00,VIIRS,VIIRS,53.07,345.893,92.34,0.903,1.892,D,warehouse,3219.48,0.0426,607.89,0.001033,0.687667,0.212521,0.000567,0.011551,0.067993,0.007544,0.010509,0.000615,trees,0.687667,3,3,9,7,7,37.228,64.582,Wildfire / Natural Fire
demo_000531,synthetic_demo,True,29.99828,74.618983,2026-07-02T12:38:00,MODIS,VIIRS,86.721,334.595,72.07,0.467,1.417,D,none,427.09,0.3392,283.34,0.042923,0.026267,0.14631,0.011776,0.42568,0.035314,0.227763,0.078864,0.005103,crops,0.42568,1,4,4,4,4,70.59,86.721,Agricultural Fire
demo_000556,synthetic_demo,True,29.971949,75.330948,2026-07-22T02:34:00,MODIS,VIIRS,43.94,340.869,62.64,1.027,1.745,D,industrial,251.8,0.2685,723.73,0.040896,0.186889,0.016521,0.011998,0.589408,0.051854,0.056595,0.045838,0.0,crops,0.589408,1,1,4,3,3,42.325,51.359,Agricultural Fire
demo_000926,synthetic_demo,True,27.436293,68.717602,2026-07-06T21:00:00,MODIS,VIIRS,7.356,319.763,56.37,0.827,1.695,D,none,1730.72,0.1659,367.23,0.090936,0.089239,0.044743,0.000269,0.128112,0.054791,0.071258,0.52065,0.0,bare,0.52065,1,1,1,1,1,7.49,10.331,Unknown / Other
demo_000004,synthetic_demo,True,20.113197,71.457933,2026-02-07T02:09:00,VIIRS,VIIRS,47.137,330.86,71.95,0.374,1.951,N,forest,120.26,0.7225,550.74,0.032069,0.002443,0.053592,0.000213,0.027604,0.008093,0.732079,0.143691,0.000216,built,0.732079,2,4,10,12,12,36.887,64.861,Industrial Fire
demo_000399,synthetic_demo,True,23.62429,77.637638,2026-01-15T13:25:00,VIIRS,MODIS,264.451,349.71,96.76,1.747,0.518,D,industrial,1326.26,0.0621,233.67,0.076043,0.217511,0.173978,0.082689,0.040641,0.193218,0.034235,0.181685,0.0,trees,0.217511,1,2,5,4,4,265.358,405.706,Wildfire / Natural Fire
demo_000054,synthetic_demo,True,19.114905,73.076444,2026-07-28T11:44:00,MODIS,VIIRS,48.6,340.197,74.1,0.873,2.079,N,industrial,189.18,0.7538,380.75,0.167095,0.019723,0.062188,0.000578,0.008711,0.00107,0.561854,0.17878,0.0,built,0.561854,3,6,7,9,9,44.277,51.612,Industrial Fire
demo_000128,synthetic_demo,True,20.183791,70.518074,2026-04-09T19:46:00,MODIS,MODIS,57.782,347.42,71.63,0.453,1.439,N,forest,296.22,0.803,288.56,0.123689,0.091483,0.081282,0.020265,0.053497,0.018738,0.378854,0.215114,0.017078,built,0.378854,3,5,14,14,14,43.482,57.782,Industrial Fire
demo_000595,synthetic_demo,True,29.740802,78.904296,2026-02-21T13:01:00,MODIS,VIIRS,10.314,323.735,75.73,1.228,2.005,N,water,1772.2,0.1653,956.86,0.142295,0.11444,0.052155,0.001375,0.366913,0.103967,0.025744,0.19311,0.0,crops,,1,1,1,2,2,9.716,15.603,Agricultural Fire
demo_000353,synthetic_demo,True,20.380933,76.673265,2026-08-20T11:15:00,VIIRS,VIIRS,127.396,322.229,73.01,1.394,1.779,D,forest,3001.68,0.0082,851.7,0.078783,0.686364,0.117409,0.000105,0.038414,0.072552,0.002859,0.002727,0.000786,trees,0.686364,1,4,7,8,8,110.565,181.613,Wildfire / Natural Fire
demo_000249,synthetic_demo,True,23.982726,77.075175,2026-05-29T23:39:00,VIIRS,VIIRS,164.041,360.136,94.59,1.096,0.384,D,,2477.07,0.0994,1829.06,0.032317,0.552022,0.062316,0.089826,0.019498,0.180836,0.058855,0.002328,0.002001,trees,0.552022,1,2,2,3,3,150.878,164.359,Wildfire / Natural Fire
demo_000426,synthetic_demo,True,31.07433,72.114852,2026-08-16T02:42:00,VIIRS,MODIS,31.056,331.617,89.81,1.306,0.856,D,none,944.18,0.0694,342.61,0.034435,0.205655,0.126102,0.008477,0.36196,0.016835,0.015181,0.231079,0.000277,crops,0.36196,1,2,3,2,2,26.673,31.056,Agricultural Fire
demo_000395,synthetic_demo,True,23.796852,78.252052,2026-05-20T00:52:00,VIIRS,VIIRS,48.49,338.455,70.85,0.649,1.706,N,forest,1149.01,0.114,418.4,0.080483,0.362667,0.128587,3e-06,0.015483,0.174539,0.030508,0.207709,2.2e-05,trees,0.362667,2,4,8,8,8,36.513,48.49,Wildfire / Natural Fire
demo_000374,synthetic_demo,True,23.855319,78.35576,2026-08-22T09:10:00,MODIS,MODIS,70.912,333.026,92.87,1.101,0.414,N,water,4234.71,0.0043,1110.17,0.091462,0.405684,0.169476,0.001476,0.00038,0.244787,0.086373,0.000359,4e-06,trees,0.405684,1,2,3,4,4,52.498,79.144,Wildfire / Natural Fire
demo_000729,synthetic_demo,True,23.156115,86.485204,2026-03-14T21:21:00,VIIRS,VIIRS,122.871,338.565,95.84,0.53,1.317,D,farm,108.22,0.9211,1409.63,0.076915,0.015359,0.00083,0.057933,0.0,8.7e-05,0.702971,0.143644,0.00226,built,0.702971,52,221,406,339,339,94.625,148.065,Persistent Thermal Source
demo_000130,synthetic_demo,True,18.620863,75.779431,2026-07-25T16:50:00,MODIS,MODIS,97.13,326.572,72.21,1.054,0.826,D,forest,367.16,0.6934,1049.46,0.242009,0.021999,0.008597,1.3e-05,0.000561,0.000105,0.598694,0.128022,0.0,built,0.598694,4,6,7,11,11,98.391,161.25,Industrial Fire
demo_000929,synthetic_demo,True,24.977225,70.218244,2026-06-14T11:42:00,VIIRS,MODIS,24.449,316.189,58.09,1.197,2.157,D,industrial,3766.3,0.0865,2379.37,0.109028,0.1491,0.21649,0.000748,0.014509,0.155859,7e-05,0.350203,0.003993,bare,0.350203,1,1,2,2,2,23.035,28.853,Unknown / Other
demo_000476,synthetic_demo,True,30.708454,76.451701,2026-04-24T01:03:00,MODIS,VIIRS,13.272,321.483,96.4,1.492,1.655,N,industrial,1336.11,0.123,1542.25,0.007374,0.209026,0.00925,0.048875,0.366838,0.196342,0.010806,0.151488,0.0,crops,0.366838,1,1,1,1,1,13.183,16.01,Agricultural Fire
demo_000943,synthetic_demo,True,26.225133,69.983733,2026-02-12T16:02:00,VIIRS,MODIS,13.02,319.824,84.52,1.283,1.432,D,forest,3083.64,0.2123,952.66,0.014209,0.288426,0.033357,0.089802,0.021578,0.149789,0.023267,0.379572,0.0,bare,0.379572,1,5,6,7,7,10.391,15.781,Unknown / Other
demo_000362,synthetic_demo,True,22.470713,74.623653,2026-06-29T19:53:00,VIIRS,VIIRS,261.606,341.35,93.71,1.756,1.583,N,warehouse,1639.92,0.1049,754.55,0.236076,0.470138,0.160428,0.002625,0.005615,0.101243,0.002853,0.021021,2e-06,trees,0.470138,1,2,3,5,5,221.017,266.503,Wildfire / Natural Fire
demo_000440,synthetic_demo,True,29.680653,76.163849,2026-08-21T01:26:00,MODIS,MODIS,39.02,327.739,69.52,0.842,1.234,D,none,1481.38,0.2529,2028.91,0.155365,0.000506,0.083902,0.014059,0.603104,0.010489,0.005544,0.091094,0.035939,crops,0.603104,1,3,5,4,4,38.034,56.268,Agricultural Fire
demo_000185,synthetic_demo,True,19.36835,70.686164,2026-03-20T17:16:00,VIIRS,MODIS,112.402,351.447,71.43,0.81,1.505,D,forest,25.6,0.8702,1399.83,0.036072,0.02493,0.108356,0.050857,0.0327,0.000783,0.424158,0.322131,1.1e-05,built,0.424158,2,6,11,9,9,103.82,112.877,Industrial Fire
demo_000587,synthetic_demo,True,30.658032,73.200583,2026-01-12T02:00:00,MODIS,MODIS,63.569,311.425,69.3,1.765,2.122,N,,731.6,0.2276,1450.3,0.052125,0.0047,0.074246,0.004706,0.584935,0.095819,0.017672,0.165798,0.0,crops,0.584935,1,2,3,4,4,51.664,63.569,Agricultural Fire
demo_000983,synthetic_demo,True,26.550419,73.873131,2026-03-09T13:22:00,VIIRS,VIIRS,4.39,319.568,71.8,1.654,1.08,D,industrial,3249.93,0.115,241.18,0.055772,0.141671,0.043367,0.00328,0.012202,0.120097,0.132861,0.488901,0.001849,bare,0.488901,4,6,10,10,10,3.715,4.862,Unknown / Other
demo_000420,synthetic_demo,True,29.555999,75.819228,2026-03-31T05:38:00,VIIRS,MODIS,37.242,323.715,64.63,1.333,1.203,D,farm,1234.15,0.0597,496.54,0.020744,0.072919,0.024582,0.009155,0.606125,0.003416,0.065306,0.197754,0.0,crops,0.606125,1,1,1,1,1,28.441,37.242,Agricultural Fire
demo_000742,synthetic_demo,True,24.137763,86.897328,2026-04-06T01:48:00,MODIS,VIIRS,65.295,337.611,87.03,0.847,1.977,D,farm,614.11,0.8999,3059.83,0.191651,0.080025,0.164869,0.002599,8e-06,4e-06,0.344098,0.216715,3e-05,built,0.344098,137,299,554,619,619,67.93,85.167,Persistent Thermal Source
demo_000365,synthetic_demo,True,21.731778,75.631161,2026-07-21T01:39:00,VIIRS,MODIS,365.095,354.453,71.65,0.359,2.136,D,warehouse,2157.93,0.0076,1161.87,0.101028,0.45748,0.097478,0.055042,0.009483,0.222756,8.2e-05,0.05665,0.0,trees,0.45748,1,4,10,10,10,304.975,398.705,Wildfire / Natural Fire
demo_000129,synthetic_demo,True,18.99148,76.367115,2026-04-08T19:18:00,VIIRS,MODIS,40.917,335.013,92.55,0.373,1.271,D,warehouse,240.96,0.7897,736.01,0.011724,0.004904,0.006677,1e-06,0.040374,0.001215,0.686992,0.246568,0.001545,built,0.686992,2,8,21,18,18,40.81,70.266,Industrial Fire
demo_000111,synthetic_demo,True,18.845154,74.977919,2026-04-23T21:28:00,VIIRS,MODIS,80.082,327.206,91.47,1.239,1.772,N,water,163.85,0.6825,455.37,0.013867,0.014848,0.016437,0.001333,0.1336,0.00096,0.77303,0.045925,1e-06,built,0.77303,3,7,27,21,21,80.929,132.309,Industrial Fire
demo_000039,synthetic_demo,True,21.151042,74.48123,2026-08-23T18:26:00,MODIS,VIIRS,61.013,337.074,73.82,1.209,0.987,D,industrial,134.95,0.723,1392.48,0.080246,0.011597,0.080378,0.017871,0.004139,0.004682,0.376602,0.406445,0.01804,bare,0.406445,5,7,19,18,18,54.844,72.828,Industrial Fire
demo_000303,synthetic_demo,True,23.940309,77.563502,2026-02-01T04:19:00,MODIS,VIIRS,80.386,339.54,96.48,1.758,1.92,D,forest,1766.55,0.0612,123.56,0.009131,0.576731,0.09218,0.000142,0.110551,0.156565,0.013456,0.041217,2.6e-05,trees,0.576731,1,1,1,2,2,75.495,95.167,Wildfire / Natural Fire
demo_000511,synthetic_demo,True,31.052233,73.822823,2026-08-18T08:08:00,VIIRS,MODIS,25.758,330.774,72.38,1.202,1.092,N,farm,983.28,0.2676,436.3,0.056677,0.013642,0.024115,0.035801,0.488516,0.189167,0.086375,0.105708,0.0,crops,0.488516,1,2,3,4,4,24.512,40.389,Agricultural Fire
demo_000236,synthetic_demo,True,22.13446,78.173256,2026-01-22T22:35:00,VIIRS,MODIS,97.021,345.87,67.2,0.703,1.418,D,industrial,1449.18,0.0689,802.45,0.028567,0.718356,0.0015,1.7e-05,0.080924,0.098906,0.020853,0.050877,0.0,trees,0.718356,3,6,7,8,8,68.668,108.205,Wildfire / Natural Fire
demo_000036,synthetic_demo,True,20.447687,72.334223,2026-06-30T10:27:00,MODIS,MODIS,43.719,334.225,92.06,1.24,0.478,D,none,49.15,0.6534,349.56,6e-05,0.005644,0.000872,0.001288,0.038617,0.003848,0.895148,0.054523,0.0,built,0.895148,3,10,22,21,21,41.737,72.26,Industrial Fire
demo_000243,synthetic_demo,True,22.052805,77.317694,2026-08-21T12:48:00,VIIRS,VIIRS,138.994,342.759,73.13,1.407,1.338,D,farm,2029.05,0.0312,2163.94,0.095759,0.487582,0.109183,0.002801,0.048405,0.181135,0.010273,0.064863,0.0,trees,0.487582,1,2,2,2,2,128.463,179.812,Wildfire / Natural Fire
demo_000020,synthetic_demo,True,21.333031,71.967666,2026-06-04T20:57:00,MODIS,MODIS,85.223,329.468,78.46,1.28,0.507,D,warehouse,20.31,0.7502,1223.11,0.034084,0.019294,0.068324,0.004936,0.06609,0.002163,0.351026,0.454083,0.0,bare,0.454083,1,2,3,4,4,84.067,127.151,Industrial Fire
demo_000063,synthetic_demo,True,18.39412,73.864397,2026-08-17T04:57:00,VIIRS,VIIRS,37.432,336.064,85.68,0.701,0.885,N,water,35.99,0.8774,1881.55,0.17498,0.031202,0.075056,2.2e-05,0.002085,0.001256,0.664907,0.050492,1e-06,built,0.664907,3,16,23,20,20,39.164,60.73,Industrial Fire
demo_000661,synthetic_demo,True,23.14001,84.911379,2026-02-12T10:10:00,MODIS,MODIS,159.914,332.651,83.13,1.004,1.294,N,industrial,397.41,0.7843,1018.97,0.011353,0.014113,0.059684,0.048567,8e-06,0.0,0.611433,0.194101,0.060741,built,0.611433,61,61,134,125,125,138.234,245.93,Persistent Thermal Source
demo_000694,synthetic_demo,True,23.101648,85.248662,2026-07-29T18:51:00,VIIRS,VIIRS,116.367,335.329,88.89,1.338,1.783,D,industrial,146.13,0.6191,1668.48,0.004301,0.016823,0.012852,0.093064,0.031778,0.00033,0.637426,0.203427,0.0,built,0.637426,77,466,665,557,557,90.253,116.367,Persistent Thermal Source
demo_000510,synthetic_demo,True,30.448424,74.745093,2026-01-27T09:16:00,MODIS,MODIS,21.867,327.537,93.97,1.219,0.74,D,industrial,1239.06,0.191,1574.3,0.136713,0.023668,0.141157,0.069071,0.309702,0.02924,5.1e-05,0.290398,0.0,crops,0.309702,1,1,2,2,2,17.342,25.147,Agricultural Fire
demo_000462,synthetic_demo,True,31.082934,76.89984,2026-01-11T11:13:00,VIIRS,MODIS,26.844,341.919,91.77,1.427,1.449,D,forest,738.98,0.2528,1220.39,0.036967,0.067544,0.201891,4.6e-05,0.466534,0.002784,0.015481,0.208753,0.0,crops,0.466534,1,2,3,3,3,18.815,30.951,Agricultural Fire
demo_000833,synthetic_demo,True,28.360376,72.462685,2026-07-03T21:13:00,VIIRS,VIIRS,18.89,315.408,36.04,0.596,1.399,D,water,1144.81,0.1398,822.55,0.00322,0.172789,0.114822,0.011186,0.036292,0.247127,0.024469,0.390017,7.7e-05,bare,0.390017,4,5,10,13,13,15.102,20.245,Unknown / Other
demo_000267,synthetic_demo,True,21.327058,78.607083,2026-06-09T06:52:00,MODIS,VIIRS,86.936,344.883,75.0,1.246,0.863,D,farm,4678.14,0.0136,620.88,0.001886,0.7189,0.049305,0.074123,0.007232,0.140378,0.001001,0.007175,0.0,trees,0.7189,1,1,1,1,1,87.275,114.192,Wildfire / Natural Fire
demo_000509,synthetic_demo,True,28.97375,75.506181,2026-08-07T07:29:00,VIIRS,VIIRS,47.822,315.864,63.35,0.744,1.398,N,industrial,1241.12,0.1417,1895.14,0.073072,0.038153,0.18347,7e-06,0.589516,0.007371,0.01007,0.097173,0.001167,crops,0.589516,2,4,5,4,4,38.198,47.822,Agricultural Fire
demo_000743,synthetic_demo,True,23.062322,85.808268,2026-08-11T15:27:00,MODIS,MODIS,106.62,339.414,80.24,1.688,0.89,N,industrial,102.77,0.8626,903.93,0.066524,0.072531,0.064414,0.016411,0.014878,8.1e-05,0.682864,0.082253,4.4e-05,built,0.682864,96,140,237,239,239,79.001,133.264,Persistent Thermal Source
demo_000836,synthetic_demo,True,26.870788,72.841967,2026-05-01T20:44:00,MODIS,VIIRS,34.403,322.025,40.64,0.397,0.952,D,farm,812.01,0.1336,631.79,0.046255,0.319821,0.039319,0.053669,0.025632,0.11626,0.19382,0.205223,0.0,trees,0.319821,2,6,6,7,7,25.256,43.617,Unknown / Other
demo_000422,synthetic_demo,True,31.243401,73.494057,2026-07-24T13:20:00,MODIS,MODIS,22.699,332.83,82.81,0.51,0.831,D,water,162.39,0.2868,319.62,0.113883,0.006348,0.13256,0.186132,0.360399,0.033154,0.080612,0.086912,0.0,crops,0.360399,1,1,1,1,1,19.148,30.91,Agricultural Fire
demo_000851,synthetic_demo,True,26.650967,72.056028,2026-07-30T08:54:00,VIIRS,VIIRS,20.502,297.224,38.08,0.469,0.428,D,forest,1240.79,0.1674,725.71,0.059288,0.078731,0.065504,0.000964,0.038757,0.178944,0.002081,0.571999,0.003731,bare,0.571999,5,5,10,11,11,14.552,23.489,Unknown / Other
demo_000468,synthetic_demo,True,31.41022,73.076671,2026-07-29T01:50:00,VIIRS,VIIRS,72.428,318.105,76.02,1.387,0.439,N,none,2840.3,0.0827,160.02,0.011569,0.147424,0.115781,0.014136,0.597511,0.034458,0.030101,0.048915,0.000106,crops,0.597511,1,2,4,4,4,75.58,119.981,Agricultural Fire
demo_000238,synthetic_demo,True,22.266141,75.419645,2026-05-02T05:00:00,VIIRS,VIIRS,113.619,339.777,88.17,1.416,1.833,N,industrial,846.77,0.1448,259.56,0.005095,0.430884,0.321168,0.002415,0.006973,0.200412,0.010416,0.022632,5e-06,trees,0.430884,1,1,3,2,2,106.318,174.112,Wildfire / Natural Fire
demo_000799,synthetic_demo,True,23.340077,85.741743,2026-03-26T17:33:00,VIIRS,VIIRS,107.134,326.841,98.27,0.912,0.751,D,warehouse,235.64,0.8843,126.82,0.092017,0.009675,0.046894,0.0,0.01624,0.01201,0.707485,0.115604,7.4e-05,built,0.707485,70,425,425,491,491,81.275,107.134,Persistent Thermal Source
demo_000699,synthetic_demo,True,22.457486,85.71799,2026-01-12T03:47:00,VIIRS,MODIS,133.306,335.508,98.92,1.272,0.924,D,industrial,223.7,0.844,690.73,0.026098,0.154505,0.012521,0.001648,0.000162,0.002858,0.467634,0.334427,0.000146,built,0.467634,47,297,375,363,363,135.744,172.142,Persistent Thermal Source
demo_000450,synthetic_demo,True,30.124371,75.9733,2026-07-25T05:46:00,MODIS,VIIRS,38.142,340.164,62.97,1.689,1.719,D,none,620.66,0.2326,797.04,0.003362,0.046219,0.1035,0.015688,0.603544,0.033849,0.096014,0.097825,0.0,crops,0.603544,1,2,5,4,4,37.204,47.757,Agricultural Fire
demo_000377,synthetic_demo,True,22.953266,80.18958,2026-03-15T06:06:00,VIIRS,VIIRS,83.632,340.799,91.62,0.393,0.492,N,forest,1616.96,0.0152,1634.19,0.022078,0.654216,0.0827,0.001458,0.000245,0.123256,0.020713,0.093626,0.001707,trees,0.654216,2,6,13,11,11,85.388,150.704,Wildfire / Natural Fire
demo_000319,synthetic_demo,True,21.781355,77.258764,2026-06-13T06:30:00,MODIS,VIIRS,121.636,357.501,96.32,0.619,0.714,D,industrial,2132.9,0.1138,323.86,0.059046,0.338244,0.147693,0.021119,0.192791,0.130996,0.054036,0.056075,0.0,trees,0.338244,3,8,8,8,8,112.647,196.827,Wildfire / Natural Fire
demo_000370,synthetic_demo,True,22.325297,77.014297,2026-03-24T11:20:00,VIIRS,MODIS,493.784,336.503,76.15,0.421,1.112,D,industrial,3253.01,0.0256,4179.4,0.018717,0.414125,0.144725,0.071986,0.117224,0.193924,0.00191,0.037254,0.000134,trees,0.414125,4,5,15,11,11,381.65,493.784,Wildfire / Natural Fire
demo_000583,synthetic_demo,True,29.787784,76.623215,2026-04-28T08:42:00,VIIRS,MODIS,46.252,327.091,69.92,1.579,1.136,D,warehouse,390.8,0.2128,353.42,0.010856,0.074528,0.299561,0.035506,0.354106,0.019378,0.042972,0.163094,0.0,crops,0.354106,1,1,2,2,2,38.185,46.252,Agricultural Fire
demo_000168,synthetic_demo,True,20.63003,75.107457,2026-05-13T22:10:00,VIIRS,MODIS,85.245,347.142,73.44,1.616,0.806,D,none,205.46,0.7559,2574.85,0.003647,0.110275,0.175584,0.017298,0.007775,0.02355,0.432953,0.228919,0.0,built,0.432953,1,2,3,4,4,69.306,94.168,Industrial Fire
demo_000457,synthetic_demo,True,30.100923,73.642404,2026-08-10T05:44:00,VIIRS,VIIRS,36.524,332.107,66.99,0.825,2.144,D,warehouse,304.59,0.1827,633.56,0.000634,0.024475,0.257893,0.00307,0.478665,0.012136,0.062246,0.16088,0.0,crops,0.478665,1,1,1,1,1,35.507,51.9,Agricultural Fire
demo_000518,synthetic_demo,True,30.746668,76.140391,2026-03-09T04:09:00,MODIS,MODIS,31.193,339.917,93.15,1.452,1.131,D,forest,1266.8,0.2305,,0.055919,0.11699,0.105999,0.002121,0.518308,0.061501,0.002806,0.136357,0.0,crops,0.518308,1,2,5,4,4,32.393,55.619,Agricultural Fire
demo_000637,synthetic_demo,True,22.627217,86.106862,2026-05-21T03:19:00,MODIS,MODIS,78.536,338.299,90.38,0.526,1.582,D,farm,368.89,0.8166,303.31,0.032024,0.049825,0.001148,9.1e-05,0.051883,0.007886,0.761566,0.095578,0.0,built,0.761566,125,528,528,541,541,63.944,89.966,Persistent Thermal Source
demo_000015,synthetic_demo,True,19.542838,71.482351,2026-06-30T07:53:00,VIIRS,MODIS,51.588,337.848,84.29,0.941,0.83,D,none,110.26,0.9155,1855.99,0.155522,0.036511,0.005264,6.5e-05,0.037247,0.004167,0.666033,0.095151,4e-05,built,0.666033,9,24,24,25,25,53.024,83.668,Industrial Fire
demo_000019,synthetic_demo,True,19.435472,71.182616,2026-08-05T23:12:00,VIIRS,VIIRS,66.718,323.222,78.01,0.473,0.379,D,forest,256.25,0.9552,1618.17,0.04343,0.00505,0.015914,0.126452,0.043797,0.00023,0.634643,0.130485,0.0,built,0.634643,3,11,20,19,19,61.07,81.339,Industrial Fire
demo_000375,synthetic_demo,True,23.473491,79.070716,2026-05-19T08:41:00,MODIS,VIIRS,125.121,345.763,67.18,0.46,1.318,D,water,2057.53,0.0296,1588.44,0.125307,0.472454,0.270444,0.002204,0.035215,0.02758,0.004972,0.061355,0.000468,trees,0.472454,1,7,12,10,10,89.03,125.121,Wildfire / Natural Fire
demo_000754,synthetic_demo,True,23.535938,87.156902,2026-06-13T05:05:00,MODIS,VIIRS,76.265,338.341,97.39,1.64,2.085,D,farm,462.15,0.9265,1283.84,0.029787,0.002684,0.00792,0.081657,0.0,0.001519,0.585172,0.291259,0.0,built,0.585172,18,44,84,95,95,68.868,78.015,Persistent Thermal Source
demo_000939,synthetic_demo,True,24.587142,71.084223,2026-01-08T10:43:00,MODIS,MODIS,10.433,309.346,77.89,0.812,0.529,D,farm,2203.87,0.0332,1635.17,0.024094,0.026213,0.070738,0.0,0.123729,0.063434,0.218474,0.4475,0.025817,bare,0.4475,2,3,5,6,6,9.194,15.02,Unknown / Other
demo_000386,synthetic_demo,True,22.09028,78.808104,2026-03-17T06:47:00,MODIS,MODIS,38.43,355.267,77.87,1.675,0.771,D,none,960.0,0.1306,428.79,0.15282,0.375438,0.124682,0.108283,0.012449,0.077371,0.047057,0.099705,0.002196,trees,0.375438,1,4,11,8,8,35.395,59.471,Wildfire / Natural Fire
demo_000873,synthetic_demo,True,24.802162,72.360887,2026-04-22T04:12:00,VIIRS,MODIS,9.672,317.762,69.95,1.77,1.189,D,farm,4284.36,0.1913,1316.17,0.054324,0.049513,0.025215,0.004387,0.000956,0.173954,0.016402,0.675236,1.4e-05,bare,0.675236,1,4,4,6,6,8.067,11.747,Unknown / Other
demo_000592,synthetic_demo,True,32.299937,75.56933,2026-08-21T14:59:00,VIIRS,MODIS,62.861,314.461,83.13,1.072,1.871,D,industrial,464.62,0.2865,1102.68,0.178632,0.037555,0.060686,0.001862,0.56943,0.054902,0.011733,0.085199,0.0,crops,0.56943,1,2,2,3,3,58.693,100.004,Agricultural Fire
demo_000578,synthetic_demo,True,32.315493,74.447808,2026-04-20T07:27:00,VIIRS,VIIRS,21.335,320.874,85.14,1.105,1.281,N,forest,961.07,0.2521,867.62,0.074546,0.004764,0.048242,0.243569,0.519378,0.094351,0.00422,0.010928,1e-06,crops,0.519378,1,4,4,4,4,15.353,21.335,Agricultural Fire
demo_000534,synthetic_demo,True,30.145944,76.588008,2026-04-27T10:39:00,MODIS,VIIRS,37.273,332.67,68.77,1.085,1.047,D,farm,399.36,0.0847,631.18,0.058343,0.049336,0.150985,0.000558,0.569153,0.125143,0.023343,0.02314,0.0,crops,0.569153,1,2,3,3,3,32.376,52.805,Agricultural Fire
demo_000207,synthetic_demo,True,22.316067,75.879585,2026-04-28T03:04:00,MODIS,MODIS,106.37,348.976,75.17,0.667,0.579,D,industrial,882.43,0.096,630.2,0.227786,0.330252,0.027312,0.000791,0.030526,0.334474,0.001571,0.047289,0.0,shrub_scrub,0.334474,2,4,15,11,11,88.242,155.36,Wildfire / Natural Fire
demo_000785,synthetic_demo,True,21.39535,85.238386,2026-06-01T11:03:00,MODIS,VIIRS,115.604,335.283,87.97,1.478,1.005,D,none,23.81,0.6223,563.79,0.170369,0.191827,0.020215,0.02736,0.19438,0.001074,0.369782,0.024992,0.0,built,0.369782,50,99,192,245,245,106.763,122.779,Persistent Thermal Source
demo_000401,synthetic_demo,True,29.723707,74.01555,2026-08-11T16:04:00,VIIRS,MODIS,54.468,327.049,62.6,0.582,0.949,D,industrial,1308.33,0.0755,1738.07,0.000291,0.027093,0.079786,0.095622,0.29688,0.21506,0.117544,0.167722,1e-06,crops,0.29688,1,3,3,4,4,54.803,88.931,Agricultural Fire
demo_000611,synthetic_demo,True,23.308148,82.795138,2026-02-07T20:40:00,VIIRS,VIIRS,98.107,331.972,98.91,0.525,1.076,D,none,175.93,0.5815,431.97,0.025509,0.01524,0.082994,1e-06,0.034712,0.043947,0.515038,0.282559,0.0,built,0.515038,78,323,394,575,575,72.953,113.364,Persistent Thermal Source
demo_000750,synthetic_demo,True,23.186907,86.425751,2026-01-23T04:01:00,MODIS,MODIS,113.776,344.986,83.64,1.224,1.807,D,industrial,114.81,0.7943,654.86,0.014687,0.129381,0.00338,0.083372,0.005996,0.025874,0.502396,0.23456,0.000356,built,0.502396,62,152,347,445,445,115.386,137.411,Persistent Thermal Source
demo_000496,synthetic_demo,True,30.11872,71.650426,2026-05-25T23:21:00,VIIRS,MODIS,72.881,324.89,68.99,1.664,1.491,N,water,792.33,0.1978,1480.89,0.012681,0.070962,0.249755,0.082022,0.439185,0.038422,0.033224,0.073749,0.0,crops,,1,1,3,3,3,65.716,84.806,Agricultural Fire
demo_000736,synthetic_demo,True,23.107589,87.807317,2026-02-26T19:16:00,VIIRS,MODIS,90.022,344.342,84.04,0.816,1.553,N,industrial,165.67,0.702,228.0,0.10529,0.000172,0.003823,0.01734,1e-06,2.7e-05,0.676887,0.19646,0.0,built,0.676887,156,161,375,446,446,85.772,148.089,Persistent Thermal Source
demo_000104,synthetic_demo,True,20.01756,73.054033,2026-06-19T07:27:00,MODIS,VIIRS,100.955,338.77,74.48,1.079,1.527,D,none,100.87,0.5853,711.2,0.051623,0.026095,0.004205,0.021196,0.002221,0.0,0.83246,0.0622,0.0,built,0.83246,6,7,14,16,16,89.807,102.316,Industrial Fire
demo_000340,synthetic_demo,True,22.89439,79.582344,2026-03-06T01:41:00,MODIS,VIIRS,107.997,337.013,82.02,1.384,1.538,D,none,807.34,0.1172,123.61,0.211277,0.434208,0.029998,0.094521,0.010311,0.086051,0.020934,0.110244,0.002456,trees,0.434208,1,1,1,1,1,79.149,126.508,Wildfire / Natural Fire
demo_000074,synthetic_demo,True,19.649085,71.398985,2026-01-13T17:34:00,VIIRS,VIIRS,111.643,326.77,78.12,0.75,1.992,N,industrial,456.34,0.921,785.89,0.117233,0.003814,0.053425,0.002116,0.09314,0.000112,0.54965,0.180511,0.0,built,,3,5,16,12,12,86.919,111.643,Industrial Fire
demo_000810,synthetic_demo,True,26.009923,70.35533,2026-07-09T18:23:00,VIIRS,MODIS,17.263,311.167,59.57,1.794,1.795,D,water,3148.59,0.093,782.06,0.010896,0.210872,0.067106,0.017526,0.021845,0.151736,0.076728,0.443279,1.3e-05,bare,0.443279,1,2,2,3,3,14.296,17.263,Unknown / Other
demo_000612,synthetic_demo,True,23.864119,87.508842,2026-02-11T21:13:00,VIIRS,VIIRS,90.014,331.576,97.48,1.627,1.476,D,warehouse,132.26,0.645,1671.63,0.049345,0.020539,0.0,0.0,0.004579,0.000352,0.848516,0.076638,3e-05,built,0.848516,33,66,223,160,160,81.573,136.603,Persistent Thermal Source
demo_000606,synthetic_demo,True,22.100764,86.645389,2026-03-01T15:29:00,MODIS,MODIS,75.968,336.832,84.13,0.94,1.726,D,none,560.51,0.9063,1500.17,0.015012,0.018091,0.007735,0.01984,0.029689,0.002943,0.670253,0.236437,0.0,built,0.670253,36,85,109,133,133,59.06,101.115,Persistent Thermal Source
demo_000942,synthetic_demo,True,26.451499,68.08537,2026-04-26T16:22:00,VIIRS,MODIS,44.08,309.15,59.06,1.215,1.655,D,industrial,5008.61,0.1412,671.03,0.048666,0.082895,0.136486,0.033541,0.081652,0.219963,0.001322,0.395404,7.2e-05,bare,0.395404,1,3,4,6,6,42.627,59.288,Unknown / Other
demo_000669,synthetic_demo,True,23.984629,86.093678,2026-06-20T11:34:00,VIIRS,MODIS,162.384,332.726,80.08,1.53,1.695,D,forest,124.34,0.906,1207.67,0.019449,0.064728,0.019672,0.000262,0.090682,0.004996,0.640269,0.159939,2e-06,built,0.640269,18,41,113,97,97,144.787,186.616,Persistent Thermal Source
demo_000066,synthetic_demo,True,21.159934,72.576386,2026-04-15T00:57:00,MODIS,VIIRS,109.609,339.252,91.64,0.426,0.824,D,forest,307.93,0.7287,429.02,0.020725,0.010916,0.068491,0.000904,0.000266,0.006059,0.833683,0.058251,0.000707,built,0.833683,2,5,8,10,10,89.781,150.908,Industrial Fire
demo_000773,synthetic_demo,True,23.091124,85.735041,2026-08-16T18:36:00,VIIRS,MODIS,86.796,335.435,82.07,0.522,0.551,D,industrial,118.74,0.7182,1555.17,0.006509,0.020046,0.009561,0.0,0.101962,0.006036,0.69524,0.15403,0.006616,built,0.69524,288,292,461,603,603,81.236,141.214,Persistent Thermal Source
demo_000793,synthetic_demo,True,22.249102,87.173184,2026-08-06T20:33:00,VIIRS,MODIS,95.169,337.356,81.4,0.909,0.934,D,farm,44.01,0.7933,323.07,0.006625,0.072677,0.024903,0.002247,0.002815,0.023016,0.746351,0.121366,0.0,built,0.746351,22,34,94,100,100,68.791,95.169,Persistent Thermal Source
demo_000259,synthetic_demo,True,21.945515,77.80303,2026-04-30T23:57:00,MODIS,MODIS,91.514,353.639,92.11,0.353,0.366,D,forest,3379.68,0.0393,1040.68,0.029829,0.343695,0.041033,0.111194,0.143329,0.231055,3.4e-05,0.099292,0.00054,trees,0.343695,1,2,4,4,4,85.196,92.65,Wildfire / Natural Fire
demo_000217,synthetic_demo,True,22.615535,75.76242,2026-04-27T18:59:00,VIIRS,MODIS,122.69,337.94,81.51,0.863,1.952,D,water,1905.08,0.0255,505.85,0.091354,0.19558,0.272341,0.061464,0.142197,0.187189,0.013171,0.036609,9.4e-05,grass,0.272341,1,4,10,8,8,123.221,172.518,Wildfire / Natural Fire
demo_000520,synthetic_demo,True,29.282921,74.213968,2026-03-16T14:38:00,MODIS,VIIRS,15.918,326.554,80.55,0.626,1.227,D,industrial,574.53,0.2112,922.38,0.046951,0.205332,0.116297,0.014729,0.334812,0.001559,0.104904,0.175417,0.0,crops,0.334812,1,1,2,2,2,15.314,25.865,Agricultural Fire
demo_000145,synthetic_demo,True,18.668962,75.084792,2026-03-16T11:11:00,VIIRS,VIIRS,99.928,323.084,85.74,0.366,1.493,N,industrial,251.37,0.8669,856.09,0.18082,0.030292,0.031204,8.1e-05,0.021939,0.0,0.597804,0.137859,0.0,built,0.597804,3,19,21,19,19,84.144,143.617,Industrial Fire
demo_000092,synthetic_demo,True,18.734039,72.966906,2026-01-17T22:04:00,MODIS,VIIRS,40.41,331.839,90.76,0.729,0.648,D,industrial,242.51,0.6859,489.4,0.005194,0.035066,0.077728,0.005266,0.11672,0.000889,0.700365,0.058772,0.0,built,0.700365,3,9,20,20,20,37.883,45.578,Industrial Fire
demo_000059,synthetic_demo,True,18.749057,75.341359,2026-03-20T23:16:00,VIIRS,MODIS,132.296,320.96,74.53,1.626,1.636,D,none,105.79,0.7039,1955.89,0.067195,7.5e-05,0.001927,0.000325,0.00236,0.005041,0.784956,0.110975,0.027146,built,0.784956,1,3,3,4,4,112.028,134.458,Industrial Fire
demo_000979,synthetic_demo,True,25.703859,72.101815,2026-07-27T10:18:00,MODIS,VIIRS,24.924,315.937,84.69,1.399,0.658,N,forest,10256.81,0.0636,903.68,0.021047,0.048184,0.120335,0.000304,0.123738,0.045535,0.113616,0.527229,1.2e-05,bare,0.527229,2,5,11,9,9,22.36,35.771,Unknown / Other
demo_000965,synthetic_demo,True,28.346894,69.421809,2026-06-04T20:49:00,VIIRS,VIIRS,16.86,304.306,67.01,0.833,1.498,D,forest,1254.09,0.0599,1322.35,0.097534,0.03881,0.144983,0.11772,0.011569,0.063983,0.107983,0.417413,5e-06,bare,0.417413,1,3,3,4,4,15.474,25.002,Unknown / Other
demo_000856,synthetic_demo,True,25.301784,70.556122,2026-04-13T03:16:00,VIIRS,MODIS,5.023,328.186,59.25,1.163,1.218,N,farm,1725.55,0.138,804.24,0.194431,0.087128,0.045663,0.029988,0.039699,0.215907,0.059437,0.326803,0.000944,bare,0.326803,2,4,7,5,5,4.355,6.662,Unknown / Other
demo_000380,synthetic_demo,True,20.79734,77.278535,2026-07-26T10:51:00,MODIS,VIIRS,280.255,362.392,82.56,0.871,2.146,D,industrial,2282.0,0.1018,730.76,0.066511,0.365293,0.185852,0.009175,0.005214,0.216004,0.059322,0.092629,0.0,trees,0.365293,1,7,9,9,9,268.075,323.255,Wildfire / Natural Fire
demo_000734,synthetic_demo,True,22.886009,86.469494,2026-01-11T05:42:00,VIIRS,MODIS,118.495,341.289,98.38,1.276,1.422,D,none,159.07,0.7942,345.74,0.020085,0.075452,0.02616,0.00049,0.030119,0.003652,0.796326,0.047716,0.0,built,0.796326,108,272,781,713,713,107.581,141.909,Persistent Thermal Source
demo_000577,synthetic_demo,True,31.452658,77.305693,2026-06-23T07:25:00,MODIS,VIIRS,34.17,325.51,75.83,1.174,0.6,D,warehouse,1122.11,0.2736,3644.62,0.023945,0.010446,0.042604,0.000947,0.729365,0.071336,0.023873,0.097484,0.0,crops,0.729365,1,1,3,3,3,27.915,47.026,Agricultural Fire
demo_000051,synthetic_demo,True,20.399128,72.750823,2026-08-08T02:24:00,MODIS,MODIS,70.58,336.662,97.29,0.675,1.204,D,water,346.07,0.5732,1365.5,0.046677,0.074508,0.057001,0.029372,0.025675,0.0,0.68756,0.079208,0.0,built,0.68756,7,20,24,21,21,67.212,83.352,Industrial Fire
demo_000990,synthetic_demo,True,28.283611,71.023916,2026-06-01T08:47:00,VIIRS,VIIRS,6.882,312.539,63.7,1.542,1.411,D,water,3814.69,0.0098,,0.091078,0.060086,0.036955,1.1e-05,0.130519,0.241904,0.024806,0.409473,0.005167,bare,0.409473,2,4,4,5,5,7.076,10.033,Unknown / Other
demo_000213,synthetic_demo,True,23.41287,77.44259,2026-06-05T00:02:00,MODIS,MODIS,55.293,358.327,65.84,1.379,1.996,D,none,878.82,0.0771,585.23,0.036558,0.504135,0.087273,0.00813,0.035921,0.308411,0.001761,0.017811,0.0,trees,0.504135,1,2,3,4,4,46.932,80.135,Wildfire / Natural Fire
demo_000090,synthetic_demo,True,20.55267,71.926278,2026-05-25T14:54:00,VIIRS,MODIS,62.508,356.596,82.3,1.674,1.813,N,none,311.08,0.7596,2602.47,0.036364,0.000157,0.005037,0.002666,0.059229,0.000622,0.732246,0.163669,1.1e-05,built,0.732246,2,2,4,4,4,59.156,69.132,Industrial Fire
demo_000790,synthetic_demo,True,25.209528,87.76367,2026-05-12T23:31:00,VIIRS,MODIS,76.231,342.147,97.88,0.545,0.418,D,none,102.13,0.5622,584.52,0.006748,0.031475,0.075403,0.006,0.006769,0.000353,0.653631,0.188274,0.031347,built,0.653631,93,143,398,398,398,56.783,97.992,Persistent Thermal Source
demo_000751,synthetic_demo,True,24.244473,88.133304,2026-01-10T19:04:00,VIIRS,VIIRS,99.722,331.078,96.25,0.486,0.858,D,industrial,244.9,0.6278,1113.09,0.053702,0.000557,0.004434,1.1e-05,0.02947,0.01018,0.544628,0.357012,6e-06,built,0.544628,75,292,494,490,490,76.722,106.096,Persistent Thermal Source
demo_000291,synthetic_demo,True,20.536664,79.986376,2026-04-26T00:21:00,MODIS,VIIRS,153.728,352.923,69.59,0.646,1.915,D,industrial,2721.96,0.0585,1172.32,0.139295,0.472673,0.132718,0.000528,0.035712,0.216515,0.0,0.002559,0.0,trees,0.472673,3,4,11,10,10,114.714,153.728,Wildfire / Natural Fire
demo_000464,synthetic_demo,True,32.485257,74.852989,2026-07-09T04:53:00,VIIRS,VIIRS,48.25,316.064,96.65,1.66,1.679,N,water,681.72,0.2398,322.04,0.128934,0.160678,0.025308,0.025154,0.340414,0.013006,0.089675,0.21683,0.0,crops,0.340414,2,2,3,4,4,38.574,58.049,Agricultural Fire
demo_000558,synthetic_demo,True,29.957896,74.224453,2026-02-27T01:12:00,VIIRS,MODIS,33.955,314.901,81.38,1.718,0.369,D,warehouse,1999.68,0.2941,831.15,0.038439,0.031443,0.178163,0.006285,0.388022,0.117231,0.024758,0.21566,0.0,crops,0.388022,1,1,1,1,1,31.378,34.123,Agricultural Fire
demo_000683,synthetic_demo,True,20.693684,86.430909,2026-01-21T00:46:00,MODIS,MODIS,80.332,340.281,85.84,0.69,1.27,D,warehouse,106.52,0.7261,1212.02,0.097111,0.048473,0.01275,0.004498,1.8e-05,0.0,0.546951,0.290199,0.0,built,0.546951,162,458,458,586,586,68.316,88.538,Persistent Thermal Source
demo_000137,synthetic_demo,True,18.605902,73.526984,2026-03-17T03:48:00,MODIS,VIIRS,50.035,346.043,70.69,0.804,1.56,D,industrial,43.88,0.8073,1106.15,0.126036,0.031325,0.030741,0.00579,0.083814,0.071156,0.371791,0.279347,0.0,built,0.371791,2,4,16,11,11,40.988,50.035,Industrial Fire
demo_000741,synthetic_demo,True,21.921289,85.75698,2026-06-07T21:40:00,VIIRS,VIIRS,59.412,339.405,88.66,0.683,2.028,N,industrial,247.34,0.6764,139.64,0.118549,0.21006,1.8e-05,0.0022,1.2e-05,0.019752,0.322249,0.326561,0.000599,bare,0.326561,80,129,287,338,338,44.61,79.579,Persistent Thermal Source
demo_000058,synthetic_demo,True,18.865627,74.389671,2026-07-06T01:21:00,VIIRS,VIIRS,68.412,340.824,93.95,0.619,1.5,N,none,20.73,0.9267,400.47,0.028499,0.031708,0.006011,0.063701,0.007508,0.002365,0.675054,0.184224,0.00093,built,0.675054,3,7,15,14,14,54.155,86.629,Industrial Fire
demo_000914,synthetic_demo,True,27.406525,71.180916,2026-08-18T15:49:00,MODIS,VIIRS,16.297,304.164,83.53,1.36,1.084,D,none,2072.75,0.032,494.35,0.190058,0.066473,0.052645,0.046243,0.005194,0.309525,0.006926,0.316653,0.006285,bare,0.316653,1,3,6,7,7,16.344,18.394,Unknown / Other
demo_000628,synthetic_demo,True,22.352059,86.198557,2026-07-26T10:17:00,MODIS,MODIS,100.541,334.065,89.07,0.487,1.81,D,water,330.04,0.7429,1050.29,0.302429,0.057303,0.036154,0.000126,0.000518,0.000596,0.520025,0.082848,0.0,built,0.520025,194,232,541,535,535,97.413,154.882,Persistent Thermal Source
demo_000433,synthetic_demo,True,30.982568,77.563704,2026-08-07T06:34:00,VIIRS,VIIRS,41.302,321.606,77.6,0.871,2.025,D,farm,711.36,0.217,847.08,0.008159,0.048815,0.402486,0.000246,0.297847,0.041439,0.021908,0.179098,3e-06,grass,0.402486,1,2,2,3,3,29.483,41.302,Agricultural Fire
demo_000636,synthetic_demo,True,24.630719,89.374442,2026-08-03T07:35:00,MODIS,MODIS,108.026,333.926,93.14,0.617,0.708,D,warehouse,84.33,0.6597,191.88,0.002869,0.093031,0.000208,0.000955,0.000177,0.119244,0.725393,0.058124,0.0,built,0.725393,38,131,211,269,269,98.21,157.728,Persistent Thermal Source
demo_000912,synthetic_demo,True,25.665745,69.627343,2026-07-19T10:15:00,VIIRS,VIIRS,11.688,321.319,62.12,0.896,1.416,N,industrial,1770.22,0.1598,292.72,0.190637,0.056751,0.273644,0.005435,0.088776,0.065011,0.041572,0.278175,0.0,bare,0.278175,1,3,3,3,3,9.488,16.167,Unknown / Other
demo_000009,synthetic_demo,True,18.977562,69.920761,2026-02-16T14:59:00,MODIS,VIIRS,72.722,332.47,71.53,0.768,1.334,N,farm,77.81,0.5502,1984.27,0.033726,0.259495,0.098692,0.000926,0.01574,0.042283,0.423377,0.125761,0.0,built,0.423377,5,19,22,27,27,61.124,86.997,Industrial Fire
demo_000295,synthetic_demo,True,19.748982,77.25905,2026-03-17T13:58:00,MODIS,VIIRS,89.403,,76.92,1.06,0.782,D,industrial,1172.59,0.0027,386.71,0.017084,0.51164,0.111354,0.0,0.012733,0.279843,4.4e-05,0.067301,0.0,trees,0.51164,1,2,6,6,6,71.156,89.403,Wildfire / Natural Fire
demo_000403,synthetic_demo,True,32.036112,77.960396,2026-03-08T13:16:00,VIIRS,VIIRS,45.352,322.283,84.5,1.157,0.648,D,industrial,1153.36,0.143,1842.57,0.018287,0.009217,0.044628,0.08552,0.50251,0.026599,0.1711,0.140722,0.001418,crops,0.50251,1,2,2,3,3,37.852,54.746,Agricultural Fire
demo_000389,synthetic_demo,True,23.682907,79.742768,2026-02-23T22:08:00,MODIS,VIIRS,125.608,347.094,88.55,1.421,1.263,N,forest,2226.48,0.1168,383.98,0.249251,0.39909,0.082979,0.037786,0.005517,0.179413,0.042799,0.003166,0.0,trees,0.39909,2,3,6,8,8,92.245,128.66,Wildfire / Natural Fire
demo_000252,synthetic_demo,True,23.613354,79.060823,2026-07-07T22:25:00,MODIS,VIIRS,119.897,339.94,95.77,0.934,2.15,D,industrial,3722.65,0.0287,898.02,0.087338,0.314735,0.200397,0.089285,0.043661,0.215596,0.015321,0.00645,0.027218,trees,0.314735,1,1,1,1,1,99.23,146.382,Wildfire / Natural Fire
demo_000350,synthetic_demo,True,23.07339,78.269228,2026-07-12T07:04:00,MODIS,MODIS,150.601,363.507,88.87,1.095,1.968,D,industrial,905.26,0.0796,848.4,0.040695,0.333351,0.115521,0.002902,0.029739,0.318937,0.13876,0.020097,0.0,trees,0.333351,1,3,7,6,6,139.337,207.067,Wildfire / Natural Fire
demo_000393,synthetic_demo,True,22.67679,77.679294,2026-08-23T10:31:00,VIIRS,VIIRS,57.641,351.038,91.54,0.771,1.123,N,none,5981.83,0.0738,855.18,0.153212,0.398869,0.002205,0.008434,0.09445,0.107766,0.012859,0.175788,0.046417,trees,0.398869,1,1,1,1,1,57.605,77.29,Wildfire / Natural Fire
demo_000839,synthetic_demo,True,25.582762,72.911963,2026-06-13T19:22:00,VIIRS,VIIRS,20.658,319.697,52.51,1.296,1.909,D,warehouse,3291.04,0.1712,783.59,0.025143,0.060476,0.039694,0.003792,0.049283,0.140155,0.091292,0.585754,0.00441,bare,0.585754,1,1,3,3,3,17.102,30.435,Unknown / Other
demo_000684,synthetic_demo,True,23.043382,86.420844,2026-03-14T22:10:00,VIIRS,MODIS,96.909,330.056,93.59,0.512,0.756,D,farm,227.37,0.6375,1417.21,0.11325,0.147209,0.034024,0.016378,0.03289,1e-06,0.557354,0.098894,0.0,built,0.557354,107,107,160,227,227,91.104,127.561,Persistent Thermal Source
demo_000157,synthetic_demo,True,18.415378,72.409473,2026-04-24T02:57:00,MODIS,MODIS,55.869,325.004,92.45,1.523,0.805,D,industrial,127.38,0.7715,390.56,0.074383,0.002365,0.08965,0.06804,0.196722,0.000302,0.413931,0.154514,9.3e-05,built,0.413931,1,2,2,2,2,56.949,72.528,Industrial Fire
demo_000445,synthetic_demo,True,30.108388,73.525631,2026-06-30T01:39:00,VIIRS,VIIRS,23.011,325.014,89.59,0.395,0.376,N,forest,329.81,0.0777,144.6,0.043148,0.007061,0.028301,0.014044,0.625959,0.107175,0.106071,0.06824,0.0,crops,0.625959,1,1,3,2,2,23.272,34.442,Agricultural Fire
demo_000559,synthetic_demo,True,32.311089,74.30272,2026-01-23T18:12:00,MODIS,MODIS,26.366,330.658,82.99,1.629,1.498,D,none,836.93,0.0676,362.13,0.047597,0.065535,0.08646,0.024909,0.48849,0.00717,0.117941,0.1619,0.0,crops,0.48849,1,1,3,3,3,22.233,26.366,Agricultural Fire
demo_000443,synthetic_demo,True,31.144926,74.861187,2026-05-29T00:37:00,VIIRS,VIIRS,41.453,323.049,96.39,0.823,0.526,N,forest,2136.73,0.0917,552.43,0.002199,0.09026,0.156809,0.042275,0.395346,0.056209,0.093416,0.163479,6e-06,crops,0.395346,1,1,2,2,2,39.116,62.094,Agricultural Fire
demo_000571,synthetic_demo,True,29.786423,74.387433,2026-01-09T22:48:00,VIIRS,MODIS,59.359,320.478,86.64,1.08,0.488,N,farm,450.24,0.0646,314.0,0.002313,0.032902,0.02147,0.003588,0.622398,0.046582,0.191561,0.079187,0.0,crops,0.622398,1,2,3,4,4,49.989,81.055,Agricultural Fire
demo_000052,synthetic_demo,True,18.694254,71.019487,2026-01-06T04:05:00,VIIRS,MODIS,31.083,322.85,78.7,0.928,1.198,D,warehouse,119.11,0.8032,930.04,0.076011,0.093764,0.012703,0.037006,0.033492,0.002332,0.518466,0.226227,0.0,built,0.518466,2,4,11,8,8,22.288,33.31,Industrial Fire
demo_000479,synthetic_demo,True,32.29333,73.540582,2026-06-03T04:55:00,VIIRS,MODIS,50.356,329.6,81.44,1.131,1.171,N,industrial,484.06,0.2766,,0.009473,0.033986,0.174173,0.008739,0.407092,0.072312,0.123275,0.170949,0.0,crops,0.407092,1,1,1,1,1,39.399,50.356,Agricultural Fire
demo_000265,synthetic_demo,True,23.818614,78.236298,2026-08-19T12:27:00,VIIRS,MODIS,146.68,352.045,90.87,0.757,1.565,N,industrial,2791.63,0.0013,2312.44,0.008843,0.676833,0.038129,0.012033,0.031724,0.120847,0.006346,0.085064,0.020181,trees,0.676833,1,3,5,7,7,104.131,146.68,Wildfire / Natural Fire
demo_000624,synthetic_demo,True,23.6973,86.504228,2026-07-22T10:52:00,MODIS,VIIRS,54.159,335.774,91.63,0.74,1.363,N,forest,157.32,0.9955,472.69,0.004092,0.010085,0.020445,0.000123,0.00014,0.016047,0.526233,0.422835,0.0,built,0.526233,33,42,74,94,94,54.585,60.102,Persistent Thermal Source
demo_000255,synthetic_demo,True,22.271267,76.090469,2026-04-09T08:24:00,VIIRS,MODIS,157.337,342.615,68.91,1.679,1.187,D,none,1013.9,0.0294,116.34,0.00034,0.509268,0.091127,0.065105,0.003113,0.304636,0.012331,0.01408,0.0,trees,0.509268,2,5,12,11,11,120.433,167.591,Wildfire / Natural Fire
demo_000902,synthetic_demo,True,26.401255,70.976154,2026-01-07T18:54:00,MODIS,MODIS,15.089,304.71,49.74,0.944,1.12,D,water,3906.73,0.1605,2061.3,0.011056,0.103813,0.033057,0.002601,0.005623,0.076406,0.019832,0.747272,0.00034,bare,0.747272,1,5,10,9,9,12.72,20.198,Unknown / Other
demo_000454,synthetic_demo,True,31.843366,75.163955,2026-07-21T02:42:00,VIIRS,VIIRS,104.302,319.877,73.59,1.383,0.449,N,farm,712.37,0.2423,320.44,0.002662,0.080905,0.075157,0.026644,0.733223,0.007049,0.032184,0.042176,0.0,crops,0.733223,1,1,3,3,3,93.337,143.162,Agricultural Fire
demo_000930,synthetic_demo,True,25.586331,72.061116,2026-05-29T10:12:00,MODIS,VIIRS,15.468,301.769,66.73,0.875,1.095,D,none,1299.69,0.1963,822.92,0.15623,0.122227,0.058991,0.06704,0.127388,0.090182,0.054677,0.323034,0.000229,bare,0.323034,1,1,3,3,3,16.083,26.586,Unknown / Other
demo_000383,synthetic_demo,True,22.608748,78.540144,2026-06-17T08:47:00,MODIS,VIIRS,100.827,330.601,90.13,1.717,1.131,N,industrial,3925.15,0.0522,203.41,0.131057,0.36493,0.248568,0.001433,0.009016,0.172872,0.011953,0.060169,0.0,trees,0.36493,1,1,2,2,2,96.305,132.365,Wildfire / Natural Fire
demo_000800,synthetic_demo,True,20.800736,85.64541,2026-02-04T20:13:00,VIIRS,VIIRS,95.807,338.711,86.47,0.623,1.049,D,none,606.06,0.6464,236.95,0.005877,0.049834,0.105467,0.054445,0.015921,0.101769,0.551734,0.114942,1e-05,built,0.551734,53,164,363,353,353,96.645,131.408,Persistent Thermal Source
demo_000796,synthetic_demo,True,22.986044,87.756962,2026-01-19T22:12:00,VIIRS,MODIS,72.724,340.379,85.71,1.455,1.973,D,,573.69,0.6343,2612.29,0.048894,0.034243,0.0789,0.0,4.6e-05,9e-05,0.652797,0.185029,0.0,built,0.652797,106,232,400,578,578,56.123,72.724,Persistent Thermal Source
demo_000455,synthetic_demo,True,30.229336,76.03961,2026-06-10T05:47:00,VIIRS,MODIS,53.675,326.509,84.51,1.374,0.733,N,industrial,1313.17,0.3099,749.61,0.003462,0.101595,0.012789,0.002891,0.550582,0.00509,0.015397,0.308194,1e-06,crops,0.550582,1,1,3,3,3,38.619,60.958,Agricultural Fire
demo_000141,synthetic_demo,True,19.973504,73.017587,2026-04-17T02:43:00,VIIRS,MODIS,88.393,353.244,83.74,0.839,1.573,D,farm,148.77,0.5553,243.7,0.191301,0.230762,0.018685,0.006431,0.003036,3e-06,0.494056,0.05434,0.001386,built,0.494056,4,11,17,21,21,83.285,104.66,Industrial Fire
demo_000413,synthetic_demo,True,32.132155,74.231962,2026-07-26T18:48:00,MODIS,MODIS,32.823,319.194,91.76,0.739,1.757,D,industrial,218.53,0.1741,611.05,0.00583,0.170574,0.054059,0.038198,0.313472,0.008019,0.044618,0.365228,0.0,bare,0.365228,1,1,1,1,1,31.909,50.349,Agricultural Fire
demo_000643,synthetic_demo,True,21.92589,88.267141,2026-07-21T18:17:00,MODIS,MODIS,125.76,341.978,94.1,1.671,1.271,D,water,393.06,0.6781,181.47,0.109054,0.049316,0.03262,0.000682,0.057473,0.030211,0.624223,0.092471,0.00395,built,0.624223,172,382,462,592,592,117.095,189.187,Persistent Thermal Source
demo_000300,synthetic_demo,True,21.839181,77.997386,2026-04-16T06:18:00,MODIS,MODIS,195.681,342.762,87.44,1.016,1.03,D,water,1328.03,0.0557,307.68,0.064534,0.525135,0.05991,0.122369,0.001119,0.109469,0.102477,0.014975,1.2e-05,trees,0.525135,1,2,5,5,5,172.998,195.681,Wildfire / Natural Fire
demo_000519,synthetic_demo,True,32.042113,75.682303,2026-03-29T12:01:00,VIIRS,VIIRS,18.628,318.234,69.75,0.438,0.875,D,industrial,862.78,0.3022,463.7,0.107096,0.00826,0.023347,0.035202,0.612243,0.078114,0.004419,0.131125,0.000194,crops,0.612243,1,1,2,2,2,15.11,18.628,Agricultural Fire
demo_000485,synthetic_demo,True,29.740613,75.790151,2026-03-04T14:25:00,VIIRS,VIIRS,29.838,329.203,85.72,1.264,1.528,N,farm,293.96,0.2723,1851.5,0.01119,0.084531,0.096634,0.000599,0.333363,0.125361,0.161974,0.186348,0.0,crops,0.333363,1,1,1,1,1,25.814,37.483,Agricultural Fire
demo_000663,synthetic_demo,True,21.759554,86.307084,2026-04-26T21:28:00,VIIRS,VIIRS,69.883,340.843,85.43,1.29,0.936,D,industrial,426.15,0.8147,2091.16,0.004957,0.048621,0.009608,0.029224,0.000528,4.6e-05,0.797162,0.109853,0.0,built,0.797162,60,324,324,337,337,72.08,90.146,Persistent Thermal Source
demo_000981,synthetic_demo,True,25.442395,72.243192,2026-07-25T21:23:00,MODIS,MODIS,21.29,319.26,62.33,0.625,1.955,N,industrial,3117.49,0.2224,3172.26,0.220289,0.11448,0.038735,0.000385,0.044312,0.130436,0.034568,0.416797,0.0,bare,0.416797,2,4,8,11,11,20.57,32.335,Unknown / Other
demo_000143,synthetic_demo,True,19.569934,73.607679,2026-04-29T10:59:00,MODIS,VIIRS,79.021,323.679,78.59,0.75,2.05,N,industrial,177.08,0.6051,516.75,0.112283,0.012878,0.072536,0.019864,0.004319,0.0,0.637723,0.140397,0.0,built,0.637723,4,10,23,26,26,79.99,134.273,Industrial Fire
demo_000915,synthetic_demo,True,27.11003,70.677625,2026-04-25T12:19:00,VIIRS,MODIS,15.297,315.616,71.49,1.279,0.532,N,industrial,5389.49,0.0598,601.96,0.155649,0.077695,0.00711,0.040062,0.091134,0.094654,0.173925,0.35977,0.0,bare,0.35977,2,2,5,6,6,13.514,15.297,Unknown / Other
demo_000114,synthetic_demo,True,19.550058,72.723423,2026-01-20T05:35:00,MODIS,VIIRS,37.89,319.626,76.18,1.128,1.867,D,forest,136.87,0.9874,51.04,0.074936,0.020231,0.001419,0.003774,0.052372,0.00445,0.758401,0.08433,8.7e-05,built,0.758401,4,21,28,27,27,32.681,55.724,Industrial Fire
demo_000664,synthetic_demo,True,23.400219,86.295723,2026-04-14T05:41:00,VIIRS,MODIS,65.739,335.051,81.37,0.358,2.011,D,forest,148.26,0.9683,1017.61,0.011927,0.063617,0.063004,2.2e-05,0.005331,0.003636,0.674969,0.177495,0.0,built,0.674969,92,257,517,690,690,65.398,74.003,Persistent Thermal Source
demo_000081,synthetic_demo,True,17.573663,73.172861,2026-04-08T20:00:00,VIIRS,MODIS,67.018,335.856,79.03,1.102,1.611,D,forest,408.96,0.5711,136.25,0.014727,0.051973,0.228575,0.098305,0.050201,0.000419,0.417301,0.138412,8.6e-05,built,0.417301,2,11,16,16,16,58.38,67.018,Industrial Fire
demo_000354,synthetic_demo,True,22.348094,77.985287,2026-07-03T00:48:00,MODIS,VIIRS,148.331,334.873,76.59,0.805,1.019,N,warehouse,803.47,0.0729,680.59,0.014896,0.230225,0.194723,0.06543,0.08587,0.292562,0.112461,0.003833,0.0,shrub_scrub,0.292562,1,2,5,4,4,112.933,148.331,Wildfire / Natural Fire
demo_000985,synthetic_demo,True,26.039203,69.783106,2026-02-20T17:25:00,MODIS,MODIS,19.048,311.414,35.89,1.732,2.078,D,industrial,1513.18,0.1605,1789.71,0.003978,0.120253,0.125134,0.040421,0.03088,0.04656,0.001361,0.631411,0.0,bare,0.631411,2,2,7,6,6,17.976,21.681,Unknown / Other
demo_000024,synthetic_demo,True,20.075191,73.012625,2026-08-10T10:40:00,VIIRS,MODIS,110.387,357.759,84.9,0.747,1.408,N,industrial,44.28,0.8628,1634.82,0.140772,0.002056,0.013553,0.001302,0.000449,0.001559,0.721135,0.119174,0.0,built,0.721135,7,7,12,15,15,84.533,138.863,Industrial Fire
demo_000237,synthetic_demo,True,21.277622,75.865332,2026-02-10T09:13:00,VIIRS,MODIS,104.165,368.768,94.62,1.546,1.33,D,forest,1421.01,0.0906,238.38,0.072949,0.435032,0.10467,0.067319,0.121561,0.154987,0.003294,0.040189,0.0,trees,0.435032,1,1,4,4,4,89.786,127.391,Wildfire / Natural Fire
demo_000940,synthetic_demo,True,26.982895,74.757017,2026-06-03T18:38:00,VIIRS,VIIRS,32.914,318.686,63.49,0.621,1.13,D,none,2138.41,0.1828,1151.17,0.008873,0.12314,0.144597,0.030424,0.144639,0.115406,0.002185,0.430736,0.0,bare,0.430736,1,4,6,8,8,28.124,32.914,Unknown / Other
demo_000886,synthetic_demo,True,27.177011,72.155551,2026-02-21T22:47:00,MODIS,VIIRS,21.062,325.191,68.61,0.818,1.034,N,none,1739.53,0.1426,1985.15,0.04306,0.084311,0.05399,0.000983,0.077532,0.097208,0.008213,0.634703,0.0,bare,0.634703,2,4,11,9,9,17.778,28.996,Unknown / Other
demo_000768,synthetic_demo,True,25.052388,86.88287,2026-02-03T20:06:00,VIIRS,MODIS,81.626,330.658,97.33,0.891,1.105,N,industrial,310.99,0.7296,549.08,0.038311,0.008202,0.000813,0.003037,0.00464,0.008162,0.574861,0.350193,0.01178,built,0.574861,84,448,674,498,498,70.827,97.9,Persistent Thermal Source
demo_000419,synthetic_demo,True,31.762955,75.545542,2026-04-08T16:58:00,MODIS,MODIS,22.621,324.723,84.37,0.566,0.435,N,water,930.7,0.2549,156.27,0.04218,0.023758,0.056731,0.055868,0.507351,0.088804,0.140291,0.076225,0.008791,crops,0.507351,1,1,2,2,2,16.407,22.621,Agricultural Fire
demo_000814,synthetic_demo,True,24.269332,72.282875,2026-06-05T04:47:00,VIIRS,VIIRS,36.142,298.195,57.16,0.841,1.629,D,industrial,859.98,0.0568,,0.006661,0.157645,0.00952,0.005038,0.095701,0.101413,0.081111,0.54291,0.0,bare,0.54291,2,8,14,10,10,32.981,49.375,Unknown / Other
demo_000848,synthetic_demo,True,25.751562,71.386056,2026-03-05T01:48:00,MODIS,MODIS,5.97,326.189,78.85,1.625,1.939,D,warehouse,3381.29,0.0192,2421.25,0.008144,0.099512,0.0094,0.152015,0.043695,0.040056,0.020186,0.626992,0.0,bare,0.626992,1,1,3,3,3,5.029,8.151,Unknown / Other
demo_000427,synthetic_demo,True,32.190558,73.610676,2026-08-03T00:47:00,MODIS,MODIS,34.854,321.02,86.62,1.529,1.045,N,industrial,1957.78,0.1474,1092.39,0.013841,0.172772,0.020991,0.000111,0.393987,0.01649,0.001817,0.379597,0.000393,crops,0.393987,1,2,4,3,3,29.858,39.568,Agricultural Fire
demo_000840,synthetic_demo,True,24.949185,69.143275,2026-08-11T11:09:00,MODIS,MODIS,25.68,314.585,51.42,0.41,0.469,D,industrial,3298.03,0.0794,156.4,0.048104,0.087236,0.01479,0.026225,0.030871,0.132187,0.02478,0.635806,0.0,bare,0.635806,3,5,8,8,8,21.798,38.149,Unknown / Other
demo_000590,synthetic_demo,True,32.097278,76.096308,2026-05-04T12:10:00,VIIRS,MODIS,27.759,333.549,78.82,0.706,2.041,D,forest,264.88,0.1343,1692.96,0.045354,0.017373,0.204481,0.039858,0.556737,0.00162,0.063668,0.068201,0.002708,crops,0.556737,1,1,1,1,1,27.509,43.051,Agricultural Fire
demo_000065,synthetic_demo,True,19.274797,71.105059,2026-02-08T18:56:00,MODIS,MODIS,73.915,325.112,91.74,1.015,1.134,D,industrial,216.83,0.6327,2349.92,0.006832,0.022257,0.156982,0.00035,0.189564,0.0,0.606252,0.017762,0.0,built,0.606252,1,1,4,4,4,58.023,103.618,Industrial Fire
demo_000524,synthetic_demo,True,30.928883,73.832115,2026-05-21T22:08:00,VIIRS,VIIRS,34.528,330.955,64.73,1.411,1.204,N,industrial,226.82,0.0941,762.19,0.008558,0.012299,0.152675,0.104562,0.392273,0.071032,0.047096,0.211504,0.0,crops,0.392273,1,1,1,1,1,24.432,38.523,Agricultural Fire
demo_000060,synthetic_demo,True,18.498305,70.876794,2026-01-01T11:41:00,MODIS,MODIS,127.427,346.237,77.51,1.035,1.521,D,industrial,166.04,0.8363,585.16,0.078335,0.015418,0.055071,0.000148,0.002391,0.043085,0.749163,0.046536,0.009853,built,0.749163,6,13,19,28,28,92.158,152.182,Industrial Fire
demo_000172,synthetic_demo,True,20.618316,73.914446,2026-05-29T13:09:00,MODIS,MODIS,65.151,332.696,83.28,1.36,1.971,D,industrial,164.8,0.943,2582.13,0.052479,0.130378,0.206235,5e-06,0.01487,0.004453,0.509797,0.081784,0.0,built,0.509797,3,14,28,21,21,66.88,87.14,Industrial Fire
demo_000317,synthetic_demo,True,23.577211,79.16148,2026-06-16T12:18:00,VIIRS,MODIS,113.997,366.448,77.2,0.855,0.51,D,industrial,1421.34,0.0135,718.21,0.018602,0.573296,0.049851,0.147683,0.073399,0.101221,0.010411,0.025536,0.0,trees,0.573296,1,3,4,4,4,113.667,174.598,Wildfire / Natural Fire
demo_000418,synthetic_demo,True,30.873672,77.207263,2026-07-09T23:02:00,MODIS,VIIRS,50.654,321.939,62.68,1.247,0.836,N,water,704.84,0.2104,1054.33,0.034691,0.009264,0.142361,0.013269,0.393626,0.029924,0.034327,0.342539,0.0,crops,0.393626,1,1,2,3,3,49.423,78.757,Agricultural Fire
demo_000151,synthetic_demo,True,19.48337,73.80244,2026-05-10T00:59:00,VIIRS,VIIRS,87.667,327.674,73.96,1.124,2.035,N,none,174.54,0.6103,2812.32,0.050203,0.046899,0.109492,0.062176,0.061707,7e-06,0.567346,0.077243,0.024927,built,0.567346,1,3,4,5,5,75.868,106.159,Industrial Fire
demo_000110,synthetic_demo,True,18.938615,74.663252,2026-03-27T19:45:00,VIIRS,MODIS,110.866,333.769,97.09,1.184,2.115,N,farm,268.51,0.8601,1591.97,0.342916,0.03408,0.004221,0.046966,0.033905,0.000304,0.430284,0.102258,0.005067,built,0.430284,1,2,7,5,5,93.766,134.406,Industrial Fire
demo_000412,synthetic_demo,True,29.025411,74.753136,2026-06-13T09:47:00,MODIS,VIIRS,57.37,324.701,61.14,0.357,2.031,D,industrial,905.86,0.3149,689.17,0.011101,0.001607,0.106642,0.011249,0.597598,0.006022,0.111762,0.146433,0.007587,crops,0.597598,1,1,1,1,1,52.642,86.013,Agricultural Fire
demo_000424,synthetic_demo,True,32.276604,78.074241,2026-08-19T00:21:00,VIIRS,VIIRS,41.806,321.912,87.02,1.438,0.955,N,none,1129.9,0.2013,1212.87,0.087999,0.00956,0.022725,0.00022,0.590584,0.052423,0.109199,0.12729,0.0,crops,0.590584,1,1,2,3,3,38.125,45.73,Agricultural Fire
demo_000653,synthetic_demo,True,21.696306,87.319219,2026-08-19T20:16:00,MODIS,MODIS,55.987,336.959,84.45,1.261,1.144,D,industrial,290.97,0.8142,841.45,0.00391,0.07598,0.021405,0.004814,0.237364,0.000975,0.427275,0.225003,0.003275,built,0.427275,44,132,189,198,198,46.687,55.987,Persistent Thermal Source
demo_000334,synthetic_demo,True,24.267806,78.810088,2026-01-12T16:53:00,MODIS,MODIS,284.521,335.303,96.04,1.533,1.659,D,industrial,3357.78,0.1001,607.26,0.112359,0.511047,0.100194,0.002677,0.003657,0.127175,0.015615,0.127274,0.0,trees,0.511047,1,6,8,11,11,206.285,284.521,Wildfire / Natural Fire
demo_000875,synthetic_demo,True,24.720138,69.818025,2026-08-12T14:24:00,MODIS,VIIRS,6.17,318.309,76.07,1.561,0.868,D,water,7945.47,0.2469,652.76,0.118205,0.126849,0.175281,0.006119,0.033955,0.228038,0.006963,0.279388,0.025202,bare,0.279388,1,4,7,10,10,4.573,6.519,Unknown / Other
demo_000732,synthetic_demo,True,23.417341,85.168405,2026-02-20T21:38:00,VIIRS,MODIS,71.652,340.815,82.77,1.423,1.709,D,industrial,74.4,0.8955,1471.82,0.009888,0.054136,0.064795,0.002812,0.000262,2e-06,0.740051,0.128054,0.0,built,0.740051,43,99,194,260,260,69.345,95.269,Persistent Thermal Source
demo_000620,synthetic_demo,True,22.02267,87.1323,2026-02-12T11:16:00,VIIRS,MODIS,62.513,337.858,88.19,1.714,1.407,D,forest,86.85,0.5946,1693.13,0.006014,0.021193,0.038332,1.1e-05,0.023903,0.026698,0.611975,0.271857,1.7e-05,built,0.611975,179,292,692,725,725,61.713,101.718,Persistent Thermal Source
demo_000432,synthetic_demo,True,33.133098,72.446796,2026-05-09T00:51:00,VIIRS,VIIRS,59.474,316.142,70.38,0.551,0.748,D,industrial,536.91,0.2248,508.74,0.056763,0.202767,0.16235,0.046772,0.317427,0.017374,0.141045,0.055501,0.0,crops,0.317427,1,1,1,1,1,48.877,76.679,Agricultural Fire
demo_000655,synthetic_demo,True,24.559143,86.889929,2026-04-11T08:03:00,VIIRS,VIIRS,107.141,339.161,95.99,1.771,1.216,D,industrial,135.57,0.6989,1197.69,0.023589,0.027071,0.184363,0.017937,0.008307,0.030863,0.661641,0.046228,0.0,built,0.661641,142,221,638,606,606,108.838,121.731,Persistent Thermal Source
demo_000935,synthetic_demo,True,24.744866,68.453265,2026-04-26T10:05:00,MODIS,VIIRS,6.652,321.087,66.21,0.604,1.812,N,water,4904.96,0.2362,1622.49,0.159278,0.148376,0.075504,0.001694,0.042611,0.099391,0.077773,0.395368,4e-06,bare,0.395368,1,1,2,2,2,5.229,7.834,Unknown / Other
demo_000681,synthetic_demo,True,23.80155,89.678418,2026-04-10T10:09:00,VIIRS,MODIS,88.929,340.805,98.12,1.168,0.895,D,none,152.16,0.7598,1572.64,0.00844,0.159123,0.037109,0.004945,0.000564,0.000111,0.57465,0.214897,0.000162,built,0.57465,143,305,521,635,635,82.869,94.962,Persistent Thermal Source
demo_000498,synthetic_demo,True,31.69307,74.459096,2026-07-07T11:53:00,MODIS,VIIRS,30.53,324.51,83.45,0.813,0.925,D,industrial,1679.18,0.2522,782.42,0.011152,0.082665,0.234388,0.006283,0.549558,0.060403,0.033626,0.021926,0.0,crops,0.549558,1,1,2,3,3,25.85,34.914,Agricultural Fire
demo_000931,synthetic_demo,True,25.578782,70.835744,2026-05-11T00:25:00,VIIRS,VIIRS,10.524,315.846,80.9,0.443,1.043,N,none,1223.15,0.2342,225.56,0.126805,0.147284,0.038665,0.072409,0.023949,0.149359,0.004622,0.436906,0.0,bare,0.436906,1,2,3,3,3,8.535,12.829,Unknown / Other
demo_000963,synthetic_demo,True,25.794583,71.273406,2026-03-19T13:36:00,VIIRS,MODIS,53.988,311.402,35.0,1.707,1.85,N,farm,1266.69,0.2441,363.94,0.012666,0.104572,0.214367,0.021542,0.106733,0.160054,0.031763,0.348303,0.0,bare,0.348303,3,7,11,10,10,52.349,56.262,Unknown / Other
demo_000430,synthetic_demo,True,30.655702,74.109882,2026-06-13T05:48:00,VIIRS,MODIS,31.752,318.25,83.95,0.518,2.072,D,industrial,229.97,0.0952,986.57,0.27704,0.048438,0.12748,0.036033,0.435079,0.005978,0.0302,0.039752,0.0,crops,0.435079,1,2,2,3,3,33.142,51.862,Agricultural Fire
demo_000328,synthetic_demo,True,24.595662,77.772854,2026-03-27T22:36:00,MODIS,MODIS,140.97,339.131,79.7,1.371,1.597,D,industrial,3709.87,0.0804,128.42,0.025388,0.30347,0.165578,0.008709,0.050027,0.326657,0.010889,0.109283,0.0,shrub_scrub,0.326657,1,3,6,8,8,107.125,140.97,Wildfire / Natural Fire
demo_000208,synthetic_demo,True,21.213024,80.419014,2026-06-16T21:43:00,MODIS,VIIRS,153.79,336.639,77.96,1.411,2.116,N,industrial,1479.77,0.0814,154.55,0.027083,0.537962,0.166728,0.001339,0.014909,0.20409,0.000419,0.047471,0.0,trees,0.537962,5,9,9,10,10,116.634,153.79,Wildfire / Natural Fire
demo_000867,synthetic_demo,True,25.927732,70.650284,2026-03-09T15:15:00,VIIRS,VIIRS,12.389,308.798,36.86,0.363,1.962,D,farm,3622.79,0.0205,372.48,0.090182,0.112972,0.030789,0.006114,0.004877,0.183147,0.079066,0.475794,0.017059,bare,0.475794,3,3,8,8,8,12.895,14.286,Unknown / Other
demo_000371,synthetic_demo,True,23.585337,77.269327,2026-08-16T00:53:00,VIIRS,MODIS,113.887,331.564,89.47,1.113,1.451,N,forest,3240.11,0.0371,310.48,0.111684,0.608979,0.054606,8e-06,0.000547,0.134372,0.089766,3.9e-05,0.0,trees,0.608979,1,1,1,2,2,118.551,201.927,Wildfire / Natural Fire
demo_000888,synthetic_demo,True,25.790679,71.828172,2026-01-29T04:55:00,MODIS,VIIRS,4.203,341.228,52.29,1.221,1.762,N,industrial,2024.69,0.0951,708.58,0.058647,0.071993,0.028852,0.000191,0.002701,0.123088,0.004158,0.689599,0.020772,bare,0.689599,1,3,5,7,7,4.153,6.064,Unknown / Other
demo_000359,synthetic_demo,True,23.431897,78.415916,2026-07-25T05:15:00,VIIRS,VIIRS,281.807,347.185,78.63,1.649,0.726,D,farm,2245.01,0.0678,495.26,0.026459,0.542566,0.110109,0.032422,0.11254,0.094371,0.025021,0.056511,0.0,trees,0.542566,1,3,11,8,8,258.772,291.759,Wildfire / Natural Fire
demo_000803,synthetic_demo,True,26.798082,72.768709,2026-04-28T15:42:00,VIIRS,VIIRS,24.568,312.335,76.72,0.736,1.614,D,warehouse,12300.26,0.2427,492.17,0.03128,0.059756,0.025918,0.113142,0.076742,0.13623,0.009077,0.547855,0.0,bare,0.547855,2,5,7,9,9,17.695,31.842,Unknown / Other
demo_000949,synthetic_demo,True,27.284293,71.980963,2026-05-20T21:00:00,VIIRS,MODIS,21.093,310.421,61.03,1.597,1.543,D,farm,5184.13,0.1775,619.14,0.060455,0.051611,0.135108,0.002283,0.045702,0.288424,0.05436,0.362056,0.0,bare,0.362056,4,11,17,14,14,15.661,28.058,Unknown / Other
demo_000320,synthetic_demo,True,22.637803,78.924584,2026-06-19T21:34:00,MODIS,VIIRS,73.562,334.617,73.63,1.779,1.504,D,none,1327.69,0.1408,1165.02,0.023132,0.420553,0.185591,0.094028,0.095441,0.119511,0.000408,0.06125,8.6e-05,trees,0.420553,1,2,5,6,6,62.328,96.989,Wildfire / Natural Fire
demo_000724,synthetic_demo,True,23.395017,86.61819,2026-07-25T21:55:00,MODIS,VIIRS,72.003,347.946,98.75,0.87,0.459,D,industrial,143.39,0.9456,1897.59,0.037997,0.006756,0.019509,0.00013,0.007388,0.08392,0.71607,0.128229,1e-06,built,0.71607,141,381,571,690,690,53.197,72.003,Persistent Thermal Source
demo_000672,synthetic_demo,True,24.449114,84.294083,2026-06-02T22:04:00,MODIS,MODIS,134.238,337.218,99.59,1.15,1.695,D,none,100.74,0.8941,1988.92,0.030426,0.018021,0.022164,0.014211,5e-06,7e-06,0.81535,0.098764,0.001052,built,0.81535,56,169,229,187,187,126.992,141.501,Persistent Thermal Source
demo_000774,synthetic_demo,True,21.599257,87.590141,2026-04-10T22:27:00,VIIRS,MODIS,101.773,334.146,94.08,0.98,0.619,D,warehouse,108.07,0.8899,437.75,0.017535,0.074761,0.004153,0.000542,0.012402,0.067062,0.446065,0.37748,0.0,built,0.446065,107,231,286,379,379,71.347,112.686,Persistent Thermal Source
demo_000032,synthetic_demo,True,17.892799,72.847561,2026-04-09T21:51:00,VIIRS,VIIRS,45.203,332.296,93.67,0.725,0.555,D,industrial,74.67,0.6327,1676.09,0.033671,0.05595,0.000562,0.016853,0.011893,0.0,0.614942,0.266129,0.0,built,0.614942,6,11,38,29,29,34.373,49.623,Industrial Fire
demo_000622,synthetic_demo,True,22.22699,84.75817,2026-08-12T02:43:00,MODIS,VIIRS,84.197,334.55,97.38,1.008,0.707,D,farm,123.67,0.6461,438.72,0.013012,0.061573,0.000323,0.137139,0.003076,0.014729,0.707108,0.06304,0.0,built,0.707108,51,130,206,262,262,74.796,106.985,Persistent Thermal Source
demo_000026,synthetic_demo,True,19.99963,73.181019,2026-05-20T15:08:00,VIIRS,VIIRS,67.625,328.463,74.95,1.035,0.493,N,forest,152.53,0.8949,1145.63,0.029333,0.091154,0.008581,0.001573,0.004149,0.050368,0.711653,0.102536,0.000654,built,0.711653,2,5,7,9,9,54.7,75.872,Industrial Fire
demo_000106,synthetic_demo,True,17.418333,70.485801,2026-05-14T23:22:00,MODIS,MODIS,46.242,320.552,79.74,0.847,0.925,D,forest,146.5,0.6897,828.18,0.025743,0.005063,0.012758,0.056762,0.047549,3.6e-05,0.556346,0.295714,2.9e-05,built,0.556346,4,10,18,26,26,41.24,46.49,Industrial Fire
demo_000116,synthetic_demo,True,19.88799,72.413068,2026-05-25T15:17:00,MODIS,VIIRS,47.815,336.28,91.09,0.835,0.375,D,farm,534.96,0.5614,1989.14,0.16622,0.005916,0.032757,3.3e-05,1.3e-05,0.00217,0.637731,0.154856,0.000304,built,0.637731,1,4,7,7,7,46.55,68.741,Industrial Fire
demo_000331,synthetic_demo,True,23.578369,78.751126,2026-03-04T06:10:00,MODIS,MODIS,88.8,346.324,65.93,1.292,0.365,N,warehouse,2721.17,0.0516,795.3,0.068821,0.562699,0.124765,0.000317,0.061679,0.112406,0.0,0.069313,0.0,trees,0.562699,5,6,14,11,11,78.587,134.708,Wildfire / Natural Fire
demo_000557,synthetic_demo,True,32.430571,75.168766,2026-07-30T16:45:00,VIIRS,VIIRS,20.008,324.687,66.66,1.135,1.396,D,none,987.01,0.0687,474.05,0.095072,0.038329,0.326194,0.002813,0.312774,0.017391,0.075674,0.121299,0.010453,grass,0.326194,1,1,1,1,1,17.16,20.772,Agricultural Fire
demo_000146,synthetic_demo,True,18.315811,71.343188,2026-03-08T09:58:00,MODIS,VIIRS,40.478,335.421,89.34,1.057,1.083,N,industrial,210.24,0.6518,604.33,0.01047,0.019556,0.016838,0.310603,0.0312,0.010453,0.484619,0.116261,0.0,built,0.484619,3,10,25,21,21,30.957,48.528,Industrial Fire
demo_000193,synthetic_demo,True,17.614144,75.310108,2026-08-16T04:34:00,MODIS,VIIRS,82.196,325.384,99.38,1.321,2.124,D,none,82.63,0.6777,304.33,0.316404,0.011287,0.011557,0.010126,0.001102,4.4e-05,0.608503,0.040978,0.0,built,0.608503,1,2,5,4,4,64.362,93.307,Industrial Fire
demo_000216,synthetic_demo,True,21.913523,77.80558,2026-03-10T15:20:00,VIIRS,MODIS,237.457,334.136,76.27,0.923,1.058,D,industrial,2083.34,0.0967,2389.29,0.113231,0.573862,0.097432,0.002749,0.003885,0.147822,3.3e-05,0.060678,0.000309,trees,0.573862,2,2,6,6,6,233.242,392.307,Wildfire / Natural Fire
demo_000644,synthetic_demo,True,22.203337,87.828067,2026-05-15T09:35:00,VIIRS,VIIRS,76.805,346.343,93.08,1.257,0.459,D,none,125.06,0.7814,1135.18,0.029941,0.01611,0.006714,7e-05,0.013813,0.001925,0.789198,0.14223,0.0,built,0.789198,74,267,640,452,452,71.215,82.671,Persistent Thermal Source
demo_000474,synthetic_demo,True,32.653894,73.527571,2026-01-06T03:55:00,VIIRS,VIIRS,24.1,323.112,86.76,1.308,0.413,D,none,1298.17,0.1885,231.69,0.075139,0.032297,0.087018,0.007552,0.323006,0.268567,0.039854,0.166567,0.0,crops,0.323006,1,2,3,4,4,20.501,31.691,Agricultural Fire
demo_000410,synthetic_demo,True,29.995193,75.316826,2026-07-08T04:14:00,MODIS,VIIRS,24.448,319.732,92.43,1.042,0.503,D,water,778.01,0.2338,653.81,0.076571,0.084283,0.083494,0.018679,0.619212,0.085176,0.016057,0.016528,0.0,crops,0.619212,1,1,1,2,2,24.402,27.385,Agricultural Fire
demo_000044,synthetic_demo,True,17.993202,71.601579,2026-01-27T04:07:00,VIIRS,VIIRS,71.261,334.981,79.66,1.106,1.78,D,none,123.25,0.7409,1512.59,0.118908,0.109202,0.042911,0.062327,0.036528,0.00825,0.361608,0.260267,0.0,built,0.361608,7,24,24,27,27,50.046,71.261,Industrial Fire
demo_000014,synthetic_demo,True,20.167829,72.739036,2026-04-11T07:53:00,VIIRS,MODIS,83.24,,82.99,0.767,0.368,D,industrial,156.19,0.8785,1433.82,0.030796,0.08193,0.060816,0.090575,0.014016,0.000474,0.55819,0.163203,0.0,built,0.55819,2,4,8,6,6,84.579,145.309,Industrial Fire
demo_000975,synthetic_demo,True,25.263383,70.947831,2026-02-17T21:21:00,VIIRS,VIIRS,30.102,308.261,65.22,0.529,1.468,D,none,5365.53,0.2323,1029.46,0.00555,0.229818,0.215834,0.012733,0.168111,0.087892,0.004813,0.275249,0.0,bare,0.275249,1,3,5,6,6,21.829,36.435,Unknown / Other
demo_000632,synthetic_demo,True,23.541167,85.178634,2026-05-01T11:06:00,VIIRS,VIIRS,107.26,337.183,98.12,1.691,0.628,D,industrial,131.49,0.685,1024.02,0.057261,0.008386,0.005321,0.014424,0.000412,0.001427,0.810824,0.101946,0.0,built,0.810824,78,313,313,374,374,81.553,113.713,Persistent Thermal Source
demo_000722,synthetic_demo,True,24.286226,84.519492,2026-01-31T16:20:00,MODIS,VIIRS,39.816,342.468,97.22,1.704,1.536,D,industrial,58.48,0.7346,185.82,0.04573,0.029545,0.02581,0.0,0.003796,0.045038,0.726692,0.123343,4.6e-05,built,0.726692,189,245,609,556,556,29.154,39.816,Persistent Thermal Source
demo_000189,synthetic_demo,True,19.383891,73.68265,2026-04-30T11:37:00,MODIS,MODIS,153.177,332.935,73.91,1.136,0.967,N,warehouse,9.16,0.9912,364.58,0.012884,0.021193,0.066292,0.103108,0.028671,1.6e-05,0.453553,0.314284,0.0,built,0.453553,9,20,20,25,25,111.276,155.657,Industrial Fire
demo_000779,synthetic_demo,True,22.566527,84.519258,2026-03-18T12:08:00,VIIRS,MODIS,81.679,337.146,97.4,0.586,1.036,N,warehouse,595.8,0.908,1631.58,0.120098,0.06474,0.022223,0.084865,0.020204,0.001561,0.584599,0.10171,0.0,built,0.584599,64,131,223,303,303,59.027,86.648,Persistent Thermal Source
demo_000199,synthetic_demo,True,18.863829,73.78344,2026-07-19T12:46:00,MODIS,VIIRS,80.713,330.95,81.76,1.266,0.778,N,none,114.49,0.6413,1656.12,0.090974,0.027317,0.140961,0.004558,0.15403,0.032266,0.401229,0.148614,5.1e-05,built,0.401229,6,9,32,27,27,68.118,121.201,Industrial Fire
demo_000108,synthetic_demo,True,21.370159,74.017554,2026-07-29T19:07:00,MODIS,VIIRS,63.63,333.996,73.54,0.386,0.764,N,industrial,390.92,0.5987,981.1,0.161341,0.003854,0.00759,0.030722,0.112572,0.002362,0.516779,0.163657,0.001121,built,0.516779,6,12,31,24,24,62.869,67.296,Industrial Fire
demo_000530,synthetic_demo,True,29.5704,75.695913,2026-07-28T17:36:00,VIIRS,MODIS,44.491,334.549,91.78,1.098,0.728,D,forest,627.24,0.1923,613.77,0.011896,0.083454,0.061041,0.000453,0.702399,0.022795,0.014883,0.088333,0.014746,crops,0.702399,1,1,1,1,1,46.633,75.5,Agricultural Fire
demo_000745,synthetic_demo,True,21.35009,83.428853,2026-02-24T06:25:00,MODIS,MODIS,89.196,343.677,95.07,1.545,0.577,N,farm,113.68,0.5592,262.77,0.141125,0.028486,0.011969,0.005288,0.002366,0.038615,0.532926,0.11379,0.125435,built,0.532926,168,554,955,711,711,93.049,100.296,Persistent Thermal Source
demo_000478,synthetic_demo,True,30.804822,74.676582,2026-08-17T07:28:00,MODIS,MODIS,12.486,335.272,85.34,1.034,1.282,D,farm,1245.18,0.2504,873.09,0.058235,0.103425,0.171281,0.040832,0.489132,0.073722,0.014165,0.047289,0.001921,crops,0.489132,1,1,1,1,1,12.92,16.617,Agricultural Fire
demo_000355,synthetic_demo,True,23.084219,76.042642,2026-07-28T23:05:00,VIIRS,VIIRS,130.703,338.722,97.05,0.772,1.009,D,industrial,1632.56,0.1148,2330.45,0.031874,0.436679,0.375855,0.052379,0.034208,0.048778,0.016693,0.003535,0.0,trees,0.436679,1,6,10,9,9,97.349,130.703,Wildfire / Natural Fire
demo_000438,synthetic_demo,True,31.395635,75.312624,2026-04-30T05:19:00,VIIRS,VIIRS,75.561,337.127,81.24,1.419,0.812,D,industrial,394.06,0.1709,256.98,0.039028,0.056822,0.085421,0.016203,0.629953,0.084986,0.009225,0.078362,0.0,crops,0.629953,1,1,3,4,4,68.7,88.629,Agricultural Fire
demo_000269,synthetic_demo,True,21.851111,76.483637,2026-08-08T22:54:00,MODIS,VIIRS,392.42,353.715,89.07,1.004,1.77,D,none,3905.91,0.0259,292.22,0.067575,0.491467,0.0665,0.000166,0.209602,0.155789,0.004753,0.004149,0.0,trees,0.491467,1,4,12,11,11,285.245,392.42,Wildfire / Natural Fire
demo_000854,synthetic_demo,True,26.341366,69.626536,2026-02-01T06:33:00,VIIRS,MODIS,36.254,319.114,60.05,0.404,1.594,D,forest,3790.97,0.0547,268.86,0.099284,0.150939,0.035685,4.2e-05,0.011521,0.377033,0.018495,0.306999,0.0,shrub_scrub,0.377033,2,6,9,8,8,32.59,36.585,Unknown / Other
demo_000719,synthetic_demo,True,22.064728,85.680964,2026-04-28T09:18:00,VIIRS,MODIS,84.014,348.647,84.42,0.904,0.642,D,forest,132.05,0.9006,503.55,0.002482,0.057244,0.023814,2.4e-05,0.035546,0.0,0.72972,0.151169,0.0,built,0.72972,111,267,806,666,666,65.72,105.964,Persistent Thermal Source
demo_000241,synthetic_demo,True,21.316058,79.454938,2026-04-19T01:56:00,MODIS,VIIRS,281.953,340.664,83.51,0.39,1.634,D,forest,2432.76,0.1443,1534.48,0.018338,0.592707,0.073698,0.159114,0.013092,0.032538,0.000431,0.110081,0.0,trees,0.592707,1,5,13,10,10,215.27,281.953,Wildfire / Natural Fire
demo_000446,synthetic_demo,True,29.514497,74.217042,2026-03-09T06:45:00,MODIS,VIIRS,41.899,317.19,75.06,1.612,1.643,D,none,1105.41,0.0511,911.87,0.05705,0.051157,0.186008,0.015492,0.456099,0.089474,0.00519,0.13953,0.0,crops,0.456099,1,1,1,1,1,35.181,52.195,Agricultural Fire
demo_000841,synthetic_demo,True,25.672998,69.14835,2026-03-26T14:05:00,MODIS,MODIS,122.35,329.069,40.65,0.77,0.45,D,industrial,2658.04,0.228,477.89,0.048906,0.095156,0.001725,0.00316,0.18097,0.285284,0.000532,0.384268,0.0,bare,0.384268,4,6,8,9,9,95.05,122.35,Unknown / Other
demo_000439,synthetic_demo,True,30.213595,74.769463,2026-01-18T21:36:00,VIIRS,VIIRS,23.587,,75.16,1.463,1.201,D,farm,155.02,0.121,1149.84,0.01169,0.257298,0.132323,0.013015,0.464897,0.008456,0.007814,0.104506,3e-06,crops,0.464897,1,1,3,3,3,17.672,23.587,Agricultural Fire
demo_000279,synthetic_demo,True,19.719651,81.879335,2026-02-11T22:39:00,VIIRS,VIIRS,143.763,338.336,65.38,1.674,0.696,D,forest,1672.1,0.1211,549.91,0.071367,0.387577,0.208064,0.008013,0.180883,0.123849,0.0,0.020246,0.0,trees,0.387577,1,4,10,11,11,124.709,156.078,Wildfire / Natural Fire
demo_000429,synthetic_demo,True,29.894778,74.327436,2026-05-19T19:15:00,MODIS,VIIRS,63.938,335.24,61.9,0.45,1.491,N,industrial,1340.5,0.1106,1353.32,0.115289,0.085475,0.115578,0.024993,0.313746,0.135893,0.016274,0.188925,0.003827,crops,0.313746,1,1,2,2,2,67.035,78.309,Agricultural Fire
demo_000411,synthetic_demo,True,29.885345,74.631373,2026-01-26T11:24:00,MODIS,VIIRS,33.374,,75.35,1.185,1.714,D,warehouse,495.54,0.0717,2925.39,0.039885,0.067691,0.034431,0.003343,0.656477,0.157357,0.017667,0.022365,0.000784,crops,0.656477,1,1,2,2,2,24.628,33.374,Agricultural Fire
demo_000980,synthetic_demo,True,25.407872,69.477409,2026-03-24T17:26:00,MODIS,MODIS,32.031,323.963,72.01,0.703,1.658,D,none,4293.72,0.2413,1835.17,0.158925,0.222702,0.016933,0.000269,0.007901,0.149235,0.004144,0.431225,0.008665,bare,0.431225,1,7,7,9,9,27.753,42.414,Unknown / Other
demo_000270,synthetic_demo,True,22.518654,77.954889,2026-03-18T03:32:00,MODIS,VIIRS,171.171,330.031,90.64,0.897,0.694,D,forest,2561.73,0.0503,582.54,0.025709,0.573721,0.095619,0.04858,0.001306,0.246979,5e-06,0.008081,0.0,trees,0.573721,1,1,1,1,1,123.392,214.562,Wildfire / Natural Fire
demo_000733,synthetic_demo,True,23.116879,86.24656,2026-05-30T11:17:00,MODIS,VIIRS,169.519,340.259,92.66,1.234,0.43,D,farm,146.37,0.7183,756.22,0.018072,0.039951,0.00634,0.005732,0.007043,0.006286,0.647428,0.269148,0.0,built,0.647428,176,399,912,647,647,143.691,211.752,Persistent Thermal Source
demo_000061,synthetic_demo,True,19.240622,73.852196,2026-03-23T21:16:00,MODIS,MODIS,29.743,341.713,79.01,1.73,2.054,D,forest,260.28,0.9149,1274.2,0.100329,0.007367,0.021569,0.043824,0.054014,0.004297,0.642279,0.126321,1e-06,built,0.642279,4,9,17,19,19,22.304,37.742,Industrial Fire
demo_000828,synthetic_demo,True,26.075589,71.068117,2026-04-08T21:50:00,MODIS,VIIRS,20.649,314.394,38.57,0.438,2.078,D,farm,4832.83,0.1087,210.85,0.006791,0.216933,0.028114,0.004606,0.003451,0.099123,0.055861,0.585121,0.0,bare,0.585121,2,3,5,6,6,18.329,23.022,Unknown / Other
demo_000495,synthetic_demo,True,31.175197,71.137214,2026-01-09T06:26:00,MODIS,MODIS,17.483,323.943,69.27,1.153,0.506,N,none,405.22,0.3413,1848.97,0.157644,0.032075,0.01428,0.013589,0.350497,0.013712,0.043952,0.352589,0.021662,bare,0.352589,1,1,4,3,3,12.611,22.421,Agricultural Fire
demo_000815,synthetic_demo,True,26.351879,70.28502,2026-07-31T09:46:00,MODIS,VIIRS,5.973,324.838,80.68,0.752,1.605,D,none,4190.07,0.1137,392.59,0.063614,0.129761,0.057734,0.001636,0.039582,0.22647,0.056323,0.418919,0.00596,bare,,2,4,10,11,11,5.262,5.973,Unknown / Other
demo_000862,synthetic_demo,True,26.675406,71.047408,2026-07-01T04:55:00,MODIS,VIIRS,72.391,322.584,41.02,1.763,1.428,D,warehouse,5466.65,0.1435,1970.01,0.106904,0.044917,0.050075,7.7e-05,0.010402,0.125414,0.02073,0.64148,0.0,bare,0.64148,2,6,9,7,7,67.295,79.103,Unknown / Other
demo_000072,synthetic_demo,True,16.816628,72.368564,2026-06-30T22:16:00,VIIRS,VIIRS,87.389,324.406,88.7,1.296,0.406,D,none,254.58,0.7257,698.47,0.015847,0.014296,0.003377,0.02694,0.025445,0.012514,0.673098,0.186209,0.042275,built,0.673098,1,2,4,4,4,66.404,87.389,Industrial Fire
demo_000254,synthetic_demo,True,21.418518,72.838362,2026-01-29T12:47:00,MODIS,MODIS,213.888,333.188,71.62,0.465,1.944,D,none,1839.04,0.09,1538.07,0.02009,0.708373,0.022729,0.00495,0.104644,0.1182,0.002943,0.013175,0.004895,trees,0.708373,1,2,4,6,6,168.978,251.76,Wildfire / Natural Fire
demo_000361,synthetic_demo,True,20.622762,77.712165,2026-02-03T07:15:00,MODIS,VIIRS,119.791,361.743,81.35,0.603,0.684,N,industrial,857.74,0.0997,545.27,0.000987,0.696503,0.08136,0.000652,0.0471,0.166563,0.001731,0.002935,0.002169,trees,0.696503,1,9,9,10,10,89.42,156.946,Wildfire / Natural Fire
demo_000580,synthetic_demo,True,30.308516,75.741137,2026-02-14T12:56:00,VIIRS,MODIS,122.35,328.357,66.67,1.772,2.031,D,none,314.23,0.1198,2356.42,0.070116,0.0061,0.124546,0.009755,0.517192,0.099168,0.0208,0.152317,6e-06,crops,0.517192,1,2,4,4,4,126.526,147.984,Agricultural Fire
demo_000893,synthetic_demo,True,25.693803,70.718831,2026-05-19T18:48:00,MODIS,VIIRS,28.01,301.107,77.5,0.778,0.595,N,forest,5489.86,0.1593,,0.046943,0.102553,0.023589,0.00258,0.014307,0.353352,0.049149,0.407528,0.0,bare,0.407528,3,6,10,12,12,26.807,48.101,Unknown / Other
demo_000541,synthetic_demo,True,31.233563,78.586254,2026-08-26T08:11:00,MODIS,VIIRS,87.192,316.976,65.79,0.954,0.742,D,farm,786.67,0.0599,1415.65,0.007125,0.37494,0.012502,0.000851,0.388985,0.073003,0.040955,0.10143,0.00021,crops,0.388985,1,2,4,3,3,69.926,117.447,Agricultural Fire
demo_000978,synthetic_demo,True,25.120468,71.468758,2026-07-02T09:38:00,VIIRS,VIIRS,9.909,324.435,48.55,1.666,1.12,D,water,7073.47,0.109,452.15,0.047186,0.067188,0.043771,0.001437,0.17973,0.10524,0.031811,0.523637,0.0,bare,0.523637,3,8,10,11,11,7.756,12.868,Unknown / Other
demo_000877,synthetic_demo,True,27.583089,73.161814,2026-05-22T19:17:00,VIIRS,VIIRS,9.002,320.724,41.91,0.909,1.037,D,farm,2398.42,0.102,1874.59,0.253083,0.10984,0.174908,0.016051,0.003797,0.014176,0.001358,0.426788,0.0,bare,0.426788,1,3,7,6,6,6.346,10.303,Unknown / Other
demo_000526,synthetic_demo,True,31.145231,75.450815,2026-07-06T12:27:00,MODIS,VIIRS,49.488,323.492,83.74,1.645,1.493,D,industrial,692.58,0.1884,1570.58,0.003186,0.055219,0.020632,0.00073,0.462579,0.07201,0.133949,0.217375,0.03432,crops,0.462579,1,1,3,3,3,45.782,54.65,Agricultural Fire
demo_000957,synthetic_demo,True,28.075269,68.571702,2026-03-23T14:36:00,VIIRS,MODIS,39.616,326.631,53.17,0.632,1.202,N,none,4117.53,0.1435,3042.22,0.04464,0.131237,0.057566,0.058579,0.003673,0.116819,0.025292,0.562194,0.0,bare,0.562194,6,6,10,12,12,38.797,57.377,Unknown / Other
demo_000161,synthetic_demo,True,19.465569,71.963822,2026-07-28T13:59:00,VIIRS,MODIS,52.622,357.457,87.79,1.746,0.361,D,none,527.08,0.9992,2084.6,0.10587,0.032148,0.005049,0.047824,0.028805,0.003659,0.745179,0.029976,0.001489,built,0.745179,1,1,1,1,1,41.655,62.73,Industrial Fire
demo_000190,synthetic_demo,True,19.513571,71.916625,2026-02-17T12:42:00,MODIS,VIIRS,29.074,342.079,82.07,0.781,0.73,D,industrial,570.36,0.7362,876.76,0.123951,0.063382,0.073873,3.2e-05,0.034807,5.4e-05,0.563787,0.140114,0.0,built,0.563787,3,7,12,9,9,21.983,35.171,Industrial Fire
demo_000668,synthetic_demo,True,23.106854,86.87314,2026-02-21T16:29:00,MODIS,MODIS,67.595,338.037,81.2,0.98,1.144,N,industrial,72.37,0.8434,1219.2,0.183285,0.041143,0.006005,1e-06,0.001872,0.036709,0.595266,0.13572,0.0,built,0.595266,27,86,117,143,143,54.373,76.874,Persistent Thermal Source
demo_000823,synthetic_demo,True,25.671463,69.513642,2026-03-08T12:12:00,MODIS,VIIRS,19.741,325.045,82.49,0.929,1.477,D,forest,3476.3,0.0484,671.65,0.209559,0.103228,0.130912,0.041664,0.035516,0.085274,0.096025,0.297821,0.0,bare,0.297821,1,3,5,6,6,17.799,22.155,Unknown / Other
demo_000416,synthetic_demo,True,31.514492,76.512619,2026-05-19T19:43:00,VIIRS,VIIRS,22.865,323.644,97.0,1.008,0.432,D,water,1928.07,0.0986,653.62,0.033026,0.055591,0.026861,0.000131,0.669945,0.091685,0.008244,0.114503,1.3e-05,crops,0.669945,1,2,2,2,2,19.972,25.245,Agricultural Fire
demo_000471,synthetic_demo,True,30.426286,76.311828,2026-02-28T19:10:00,MODIS,MODIS,46.184,319.484,62.35,1.439,0.925,D,forest,1033.07,0.2498,324.92,0.022893,0.075584,0.10447,0.026287,0.403383,0.23737,0.021917,0.102059,0.006039,crops,0.403383,1,1,3,2,2,43.94,69.814,Agricultural Fire
demo_000922,synthetic_demo,True,27.488333,70.869549,2026-07-22T06:27:00,VIIRS,MODIS,3.343,315.237,80.65,0.958,1.609,D,forest,4667.61,0.0038,1620.27,0.010992,0.033723,0.010421,0.001431,0.131687,0.156338,0.074541,0.580866,0.0,bare,0.580866,1,1,3,3,3,3.134,4.447,Unknown / Other
demo_000273,synthetic_demo,True,23.975794,76.43049,2026-07-13T15:24:00,MODIS,VIIRS,151.539,336.579,95.24,0.413,1.667,D,industrial,2698.57,0.1131,1031.06,0.114868,0.481615,0.134761,0.0089,0.00022,0.185757,0.020434,0.035808,0.017637,trees,0.481615,1,1,4,3,3,120.385,152.285,Wildfire / Natural Fire
demo_000996,synthetic_demo,True,24.368281,68.714088,2026-01-16T01:22:00,MODIS,MODIS,19.982,308.501,76.46,1.771,0.73,D,farm,3323.93,0.0595,826.06,0.060981,0.105267,0.108059,0.000271,0.007632,0.385306,0.024654,0.301243,0.006588,shrub_scrub,0.385306,4,7,10,13,13,15.261,19.982,Unknown / Other
demo_000698,synthetic_demo,True,20.879988,83.998366,2026-02-19T16:46:00,VIIRS,MODIS,168.785,342.166,87.57,0.589,2.001,N,none,75.43,0.7148,45.07,0.23052,0.011218,0.019225,0.037022,0.001213,0.047057,0.477049,0.176695,0.0,built,0.477049,54,328,365,342,342,134.65,206.29,Persistent Thermal Source
demo_000339,synthetic_demo,True,22.321933,79.208548,2026-07-28T09:53:00,VIIRS,MODIS,153.82,322.345,99.43,1.059,0.639,N,industrial,4531.31,0.0851,42.48,0.035939,0.382882,0.092185,0.070438,0.009291,0.297856,0.103705,0.006848,0.000854,trees,0.382882,2,4,12,10,10,125.935,170.768,Wildfire / Natural Fire
demo_000602,synthetic_demo,True,23.823711,85.764566,2026-06-16T19:10:00,VIIRS,MODIS,130.607,336.126,92.62,0.988,1.467,D,industrial,658.66,0.6773,332.95,0.078529,0.010759,0.007497,0.00022,0.017798,0.00198,0.750012,0.132946,0.000258,built,0.750012,87,208,468,581,581,115.07,189.824,Persistent Thermal Source
demo_000247,synthetic_demo,True,23.088534,76.311494,2026-03-29T07:21:00,VIIRS,VIIRS,102.406,357.367,67.8,1.734,1.681,D,industrial,2783.72,0.0296,267.56,0.041261,0.441536,0.381423,0.025119,0.012355,0.066741,0.013512,0.018053,0.0,trees,0.441536,2,4,7,6,6,73.32,117.068,Wildfire / Natural Fire
demo_000202,synthetic_demo,True,23.748753,77.800033,2026-02-22T02:28:00,MODIS,MODIS,150.309,345.461,66.42,1.593,0.757,D,forest,2030.21,0.0632,584.39,0.087409,0.417773,0.167024,0.074105,0.002077,0.209606,0.014535,0.02747,0.0,trees,0.417773,1,3,6,7,7,131.949,150.309,Wildfire / Natural Fire
demo_000952,synthetic_demo,True,25.017177,70.764505,2026-04-17T20:34:00,VIIRS,MODIS,15.74,310.498,56.25,0.993,1.279,D,farm,2124.74,0.2385,13.14,0.036244,0.178342,0.062679,0.009,0.039357,0.153254,0.023648,0.497476,0.0,bare,0.497476,2,10,10,13,13,12.874,22.137,Unknown / Other
demo_000053,synthetic_demo,True,18.776699,72.056208,2026-02-20T12:00:00,VIIRS,VIIRS,138.891,333.421,84.4,0.61,0.462,N,warehouse,467.49,0.9765,715.77,0.037477,0.123322,0.02835,0.00111,0.005344,0.035128,0.45894,0.310329,0.0,built,0.45894,6,14,25,28,28,117.421,138.891,Industrial Fire
demo_000073,synthetic_demo,True,20.709212,74.250321,2026-07-19T12:09:00,MODIS,VIIRS,107.448,335.073,82.94,1.339,0.371,D,industrial,292.76,0.5703,234.11,0.119607,0.075264,0.000726,4e-06,0.014906,0.007671,0.668677,0.113078,6.7e-05,built,0.668677,3,8,26,22,22,91.77,124.498,Industrial Fire
demo_000466,synthetic_demo,True,30.270274,73.872633,2026-05-13T17:47:00,VIIRS,VIIRS,34.721,332.253,75.5,1.068,1.123,N,farm,667.57,0.1819,1021.52,0.098673,0.017546,0.177689,0.025828,0.391802,0.196622,0.016936,0.074904,0.0,crops,0.391802,1,1,1,1,1,33.616,37.596,Agricultural Fire
demo_000968,synthetic_demo,True,28.000119,69.772882,2026-08-04T08:37:00,MODIS,VIIRS,26.435,307.014,67.04,1.321,0.964,N,forest,3630.55,0.1767,537.29,0.016777,0.107004,0.051961,0.166536,0.011763,0.042285,0.154075,0.449585,1.4e-05,bare,0.449585,1,2,4,4,4,19.437,31.806,Unknown / Other
demo_000448,synthetic_demo,True,29.873292,75.657191,2026-02-20T18:40:00,MODIS,MODIS,30.387,322.358,68.35,0.789,1.962,D,forest,990.98,0.0619,675.23,0.017712,0.07211,0.261312,0.043293,0.325425,0.066928,0.069681,0.142498,0.001041,crops,0.325425,1,1,2,2,2,22.576,33.17,Agricultural Fire
demo_000874,synthetic_demo,True,25.969639,68.0,2026-01-13T14:28:00,VIIRS,MODIS,10.269,316.486,48.98,1.58,0.822,D,none,3049.2,0.0868,2091.48,0.010725,0.276956,0.033736,0.02934,0.048273,0.026189,0.135274,0.439507,0.0,bare,0.439507,2,2,3,5,5,10.032,12.154,Unknown / Other
demo_000573,synthetic_demo,True,32.196771,75.998149,2026-07-01T07:39:00,MODIS,VIIRS,42.982,326.278,77.99,1.713,1.132,D,forest,857.87,0.2522,616.21,0.126737,0.061351,0.163877,0.001836,0.384651,0.000124,0.070705,0.190719,0.0,crops,0.384651,1,2,4,3,3,30.443,52.807,Agricultural Fire
demo_000789,synthetic_demo,True,22.951097,85.622538,2026-02-15T03:48:00,VIIRS,VIIRS,93.54,346.46,84.35,0.402,0.708,D,farm,129.11,0.8523,775.41,0.028317,0.039394,0.249586,0.001039,0.002705,0.009274,0.550173,0.119513,0.0,built,0.550173,86,187,655,519,519,81.758,147.024,Persistent Thermal Source
demo_000596,synthetic_demo,True,31.194675,74.804845,2026-01-21T04:33:00,MODIS,MODIS,28.11,318.848,67.28,0.851,0.565,D,industrial,696.25,0.2366,653.98,0.050033,0.043963,0.042798,0.028476,0.40209,0.171452,0.046181,0.215008,0.0,crops,0.40209,1,1,2,2,2,25.562,37.003,Agricultural Fire
demo_000528,synthetic_demo,True,29.921455,75.437237,2026-05-31T01:57:00,VIIRS,VIIRS,20.315,331.97,83.7,1.441,0.814,D,warehouse,449.07,0.063,1499.52,0.01163,0.017892,0.015718,0.01318,0.530372,0.016148,0.316831,0.07823,0.0,crops,0.530372,1,1,1,1,1,15.685,23.549,Agricultural Fire
demo_000398,synthetic_demo,True,23.609779,78.710248,2026-05-19T01:19:00,VIIRS,VIIRS,241.178,335.359,71.32,1.412,1.353,N,industrial,1002.33,0.0419,1673.53,0.006973,0.373158,0.129806,0.002806,0.156418,0.322882,0.006106,0.001817,3.3e-05,trees,0.373158,2,4,9,7,7,251.7,432.457,Wildfire / Natural Fire
demo_000505,synthetic_demo,True,30.492786,73.496435,2026-02-04T01:15:00,MODIS,MODIS,29.677,337.151,69.65,0.693,0.455,D,forest,626.89,0.1239,1027.52,0.043366,0.154868,0.124012,0.056575,0.51505,0.024438,0.032042,0.049648,0.0,crops,0.51505,1,1,4,4,4,26.944,30.44,Agricultural Fire
demo_000276,synthetic_demo,True,18.045361,77.082265,2026-02-22T05:08:00,VIIRS,MODIS,62.401,353.104,74.67,0.867,1.876,D,industrial,3323.05,0.1001,194.2,0.033487,0.235413,0.171786,0.022123,0.048426,0.158631,0.001194,0.328939,0.0,bare,0.328939,2,4,7,10,10,62.863,82.96,Wildfire / Natural Fire
demo_000548,synthetic_demo,True,32.522692,78.788219,2026-08-19T18:46:00,MODIS,MODIS,31.166,334.395,80.8,0.831,2.082,D,warehouse,523.82,0.1886,1928.33,0.010544,0.029381,0.03709,0.066039,0.700631,0.066747,0.037612,0.051416,0.00054,crops,0.700631,1,1,2,3,3,25.891,32.976,Agricultural Fire
demo_000253,synthetic_demo,True,21.481335,79.321783,2026-05-08T20:39:00,VIIRS,MODIS,150.092,371.409,82.05,0.509,1.944,D,industrial,3308.27,0.1056,1433.87,0.019834,0.455227,0.419997,3.8e-05,0.021631,0.052682,6e-05,0.030478,5.2e-05,trees,0.455227,1,1,1,2,2,112.954,150.092,Wildfire / Natural Fire
demo_000846,synthetic_demo,True,27.609327,73.593463,2026-07-16T18:34:00,VIIRS,VIIRS,4.078,318.584,78.55,1.006,1.514,N,farm,3771.41,0.0263,796.05,0.008133,0.292057,0.00667,0.00343,0.00324,0.217784,0.143459,0.323843,0.001384,bare,0.323843,1,2,2,3,3,3.05,4.866,Unknown / Other
demo_000964,synthetic_demo,True,28.176235,69.998055,2026-03-11T22:29:00,VIIRS,MODIS,17.699,328.373,73.38,0.821,1.386,D,farm,6708.96,0.2157,859.05,0.013329,0.206635,0.14683,0.077841,0.092746,0.311442,0.011824,0.13935,4e-06,shrub_scrub,0.311442,2,7,11,13,13,13.605,21.789,Unknown / Other
demo_000487,synthetic_demo,True,29.3186,78.885515,2026-05-28T13:05:00,MODIS,MODIS,48.463,320.99,80.34,1.18,0.944,D,none,700.98,0.2964,1149.22,0.058336,0.049611,0.092901,6.8e-05,0.560926,0.019095,0.148295,0.070767,0.0,crops,0.560926,1,2,3,3,3,41.134,70.034,Agricultural Fire
demo_000735,synthetic_demo,True,22.482743,86.001907,2026-04-06T07:33:00,VIIRS,MODIS,113.868,339.239,92.47,1.438,0.493,D,none,405.66,0.9982,358.36,0.024914,0.155914,0.012383,9.3e-05,1e-06,6.3e-05,0.596091,0.210539,2e-06,built,0.596091,71,342,628,528,528,93.267,157.101,Persistent Thermal Source
demo_000717,synthetic_demo,True,23.491071,86.859796,2026-04-19T06:05:00,VIIRS,VIIRS,107.278,341.491,80.59,0.941,1.828,N,industrial,346.87,0.9504,298.27,0.117109,0.051357,0.001693,0.0,1.3e-05,0.00125,0.769791,0.058787,0.0,built,0.769791,72,553,791,576,576,98.813,129.969,Persistent Thermal Source
demo_000171,synthetic_demo,True,21.394989,68.524311,2026-03-02T13:04:00,VIIRS,VIIRS,85.716,321.508,80.5,0.683,2.008,N,,152.54,0.6161,444.51,0.049612,0.029433,0.165264,0.025388,0.011958,0.000255,0.665054,0.053008,2.7e-05,built,0.665054,3,7,14,18,18,73.032,85.716,Industrial Fire
demo_000536,synthetic_demo,True,30.24867,75.211763,2026-05-04T19:25:00,MODIS,MODIS,69.917,,60.76,0.707,0.889,D,none,1703.65,0.1081,775.61,0.007345,0.008972,0.021586,0.001603,0.573671,0.026107,0.0012,0.359517,0.0,crops,0.573671,1,1,1,1,1,68.198,86.336,Agricultural Fire
demo_000682,synthetic_demo,True,21.195066,87.268929,2026-06-04T03:14:00,MODIS,VIIRS,94.617,342.379,97.07,1.423,0.948,D,water,157.73,0.724,1000.59,0.028095,0.182751,0.033928,0.040942,0.007119,0.041152,0.574911,0.088617,0.002485,built,0.574911,85,260,260,263,263,90.259,144.899,Persistent Thermal Source
demo_000200,synthetic_demo,True,20.143387,74.447064,2026-03-06T11:27:00,MODIS,MODIS,101.504,334.901,97.54,1.382,0.611,D,water,61.24,0.8507,552.87,0.059116,0.128492,0.002789,2.8e-05,0.288633,0.003184,0.393718,0.12404,0.0,built,0.393718,3,6,15,16,16,76.226,101.504,Industrial Fire
demo_000198,synthetic_demo,True,16.27064,73.112494,2026-06-17T13:41:00,MODIS,MODIS,63.853,336.241,78.36,1.036,1.359,D,none,402.34,0.8228,486.67,0.053221,0.006017,0.000402,7e-06,0.004263,0.030341,0.840933,0.063376,0.00144,built,0.840933,5,16,27,27,27,61.293,99.018,Industrial Fire
demo_000220,synthetic_demo,True,22.62508,78.124692,2026-01-13T15:18:00,VIIRS,VIIRS,127.589,333.944,96.27,1.518,0.6,D,none,1079.56,0.0998,486.76,0.158146,0.421556,0.130095,0.015009,0.148094,0.013616,0.005172,0.107721,0.000591,trees,0.421556,2,5,8,8,8,117.462,149.051,Wildfire / Natural Fire
demo_000461,synthetic_demo,True,30.869663,75.322757,2026-05-26T22:12:00,MODIS,VIIRS,14.8,334.166,95.68,1.475,1.197,D,none,1110.41,0.2462,2159.07,0.155928,0.11667,0.114388,0.005551,0.541815,0.036679,0.014207,0.014761,0.0,crops,0.541815,1,1,3,3,3,12.607,16.56,Agricultural Fire
demo_000805,synthetic_demo,True,25.253817,70.365579,2026-08-08T12:24:00,VIIRS,VIIRS,8.774,311.784,60.12,1.03,0.973,N,warehouse,2906.93,0.2333,1102.21,0.068667,0.017914,0.004844,0.015587,0.15085,0.092665,0.002259,0.647207,8e-06,bare,0.647207,1,1,1,1,1,8.418,13.471,Unknown / Other
demo_000159,synthetic_demo,True,19.408492,74.476351,2026-07-31T00:50:00,MODIS,VIIRS,41.849,349.027,99.66,1.532,0.556,D,warehouse,449.13,0.9303,4894.53,0.100598,0.00052,0.023596,0.0,0.028566,0.143851,0.512161,0.190709,0.0,built,0.512161,2,4,8,10,10,33.205,57.031,Industrial Fire
demo_000400,synthetic_demo,True,22.854627,79.48884,2026-08-19T03:00:00,VIIRS,VIIRS,91.151,346.733,80.54,0.68,0.726,D,forest,3521.84,0.0884,259.33,0.007445,0.516514,0.0271,0.221311,0.038996,0.140939,0.005366,0.021752,0.020576,trees,0.516514,2,3,8,8,8,80.755,144.541,Wildfire / Natural Fire
demo_000298,synthetic_demo,True,21.273853,78.529488,2026-04-28T11:34:00,VIIRS,VIIRS,52.209,338.553,66.26,0.721,1.292,D,forest,1562.76,0.14,601.86,0.080528,0.378322,0.219004,0.04057,0.013144,0.130832,0.076031,0.061565,5e-06,trees,0.378322,1,4,4,5,5,43.848,64.435,Wildfire / Natural Fire
demo_000232,synthetic_demo,True,21.63009,76.257641,2026-02-15T14:33:00,VIIRS,VIIRS,276.959,359.002,98.92,1.528,1.042,D,farm,2757.28,0.0553,1803.64,0.009037,0.537894,0.164424,7.2e-05,0.051904,0.177222,0.037888,0.021559,0.0,trees,0.537894,4,4,11,8,8,276.734,412.031,Wildfire / Natural Fire
demo_000214,synthetic_demo,True,24.194275,79.146608,2026-04-18T20:52:00,MODIS,VIIRS,162.019,341.577,83.21,1.357,1.979,D,industrial,1893.63,0.0576,2395.99,0.192006,0.359235,0.167774,0.009207,0.000532,0.189791,0.006361,0.075094,0.0,trees,0.359235,1,3,3,3,3,169.889,289.676,Wildfire / Natural Fire
demo_000025,synthetic_demo,True,19.487612,74.759785,2026-07-29T10:58:00,MODIS,VIIRS,42.768,346.474,70.53,1.299,0.841,D,warehouse,305.17,0.9187,975.85,0.163497,0.040789,0.008713,0.023449,0.077457,0.029335,0.464889,0.19187,0.0,built,0.464889,3,8,17,20,20,41.962,47.544,Industrial Fire
demo_000257,synthetic_demo,True,21.279532,77.06391,2026-04-27T16:26:00,MODIS,VIIRS,161.324,348.22,96.65,0.41,1.996,N,forest,2354.77,0.0564,406.49,0.021362,0.40371,0.063673,0.000501,0.006317,0.296334,0.008318,0.199786,0.0,trees,0.40371,3,4,5,7,7,122.19,189.259,Wildfire / Natural Fire
demo_000634,synthetic_demo,True,22.747509,88.157204,2026-02-23T20:14:00,MODIS,VIIRS,148.499,342.824,93.18,0.657,1.991,D,industrial,272.29,0.6052,433.12,0.18597,0.019861,0.096386,0.000173,0.10206,0.003488,0.416363,0.172662,0.003038,built,0.416363,73,173,393,483,483,126.164,223.977,Persistent Thermal Source
demo_000067,synthetic_demo,True,17.749705,74.257609,2026-02-27T02:29:00,VIIRS,VIIRS,86.067,347.994,72.41,1.121,0.874,D,industrial,266.28,0.6947,146.1,0.047462,0.105085,0.036139,0.010804,0.04884,0.009186,0.563016,0.179469,0.0,built,0.563016,5,8,20,22,22,82.912,145.503,Industrial Fire
demo_000192,synthetic_demo,True,16.499634,73.543348,2026-06-14T08:04:00,MODIS,MODIS,96.143,344.394,92.74,1.687,1.482,D,industrial,196.55,0.6806,1424.42,0.034393,0.026679,0.000366,0.01301,0.001712,0.101093,0.622304,0.141259,0.059186,built,0.622304,1,2,4,4,4,92.708,152.527,Industrial Fire
demo_000115,synthetic_demo,True,17.180284,72.740572,2026-08-23T23:40:00,VIIRS,MODIS,60.964,333.604,91.33,1.145,0.519,D,industrial,119.21,0.6295,640.25,0.020852,0.002596,0.05008,0.000225,0.00697,0.004775,0.893776,0.020727,0.0,built,0.893776,1,1,2,3,3,60.327,72.951,Industrial Fire
demo_000525,synthetic_demo,True,30.689267,74.531859,2026-04-18T15:48:00,VIIRS,VIIRS,19.22,313.951,60.99,0.365,0.505,D,water,665.35,0.2701,983.36,0.094719,0.00181,0.070268,0.016095,0.625365,0.028083,0.044475,0.119187,0.0,crops,0.625365,1,1,1,1,1,15.382,25.239,Agricultural Fire
demo_000272,synthetic_demo,True,22.814282,78.353742,2026-06-29T21:47:00,MODIS,VIIRS,103.709,342.175,83.87,0.708,1.979,D,industrial,4149.62,0.125,529.7,0.047708,0.452258,0.101674,0.037721,0.049225,0.267075,0.000308,0.04403,1e-06,trees,0.452258,1,3,4,4,4,104.327,111.793,Wildfire / Natural Fire
demo_000204,synthetic_demo,True,22.620891,80.063834,2026-02-25T02:42:00,MODIS,VIIRS,101.774,349.136,75.84,0.527,1.485,D,none,2190.8,0.1432,1264.12,0.024431,0.653707,0.170575,0.000811,0.010494,0.074999,0.039634,0.019147,0.006202,trees,0.653707,1,4,8,9,9,96.995,160.903,Wildfire / Natural Fire
demo_000992,synthetic_demo,True,27.4898,69.434363,2026-01-12T11:16:00,MODIS,MODIS,13.277,319.393,58.78,1.51,1.034,D,none,5709.55,0.1336,1701.71,0.063016,0.195097,0.10214,0.109885,0.050686,0.102763,0.005497,0.370915,0.0,bare,0.370915,2,3,3,4,4,9.358,13.277,Unknown / Other
demo_000301,synthetic_demo,True,22.369243,75.329762,2026-02-20T22:44:00,MODIS,VIIRS,166.015,328.196,98.45,1.257,1.19,D,water,1583.71,0.1398,953.84,0.006279,0.442919,0.047331,0.01332,0.000684,0.320111,0.032351,0.137006,0.0,trees,0.442919,1,1,3,3,3,166.464,286.807,Wildfire / Natural Fire
demo_000987,synthetic_demo,True,24.499206,72.101171,2026-05-10T14:08:00,MODIS,MODIS,7.434,315.014,39.66,1.425,0.9,D,industrial,3456.25,0.2392,1166.17,0.023239,0.056122,0.103001,3.9e-05,0.069575,0.0556,0.056081,0.632273,0.00407,bare,0.632273,1,4,12,9,9,7.637,13.646,Unknown / Other
demo_000564,synthetic_demo,True,30.422589,73.158198,2026-08-16T14:41:00,MODIS,VIIRS,55.49,314.317,96.83,0.953,0.475,D,farm,960.2,0.2425,3434.68,0.037439,0.021136,0.063948,0.006701,0.501598,0.109627,0.065794,0.193758,0.0,crops,0.501598,1,1,1,1,1,50.555,89.131,Agricultural Fire
demo_000203,synthetic_demo,True,23.055962,76.732391,2026-03-09T11:55:00,MODIS,MODIS,260.485,328.02,69.79,1.794,0.587,D,industrial,4501.31,0.005,1575.4,0.074335,0.570086,0.194565,0.014008,0.031038,0.085428,0.000235,0.024366,0.005938,trees,0.570086,1,3,5,5,5,271.042,331.507,Wildfire / Natural Fire
demo_000638,synthetic_demo,True,24.428241,82.299458,2026-08-12T08:34:00,MODIS,VIIRS,92.574,350.083,81.18,1.317,1.466,D,warehouse,27.41,0.9035,941.39,0.144495,0.013064,0.000957,0.092928,0.004749,0.032275,0.649782,0.06175,0.0,built,0.649782,65,269,276,321,321,80.864,109.653,Persistent Thermal Source
demo_000690,synthetic_demo,True,23.017138,84.850117,2026-07-05T22:28:00,MODIS,VIIRS,117.878,334.471,93.99,1.692,1.627,D,farm,208.39,0.6034,2302.58,0.117884,0.001517,0.00368,0.00027,7e-06,0.0,0.644461,0.210912,0.02127,built,0.644461,100,235,399,554,554,98.074,125.228,Persistent Thermal Source
demo_000689,synthetic_demo,True,22.744116,86.74067,2026-08-04T18:56:00,MODIS,VIIRS,49.16,347.77,81.14,1.725,1.291,D,water,440.59,0.9619,328.94,0.077359,0.071455,0.04842,0.000152,0.001771,0.002309,0.513722,0.284813,0.0,built,0.513722,70,190,442,376,376,42.31,55.903,Persistent Thermal Source
demo_000845,synthetic_demo,True,25.216516,71.903475,2026-03-22T17:36:00,MODIS,VIIRS,10.446,326.256,36.07,0.942,1.635,N,water,2615.15,0.0428,539.99,0.089818,0.145285,0.19783,0.000198,0.046292,0.030032,0.069833,0.420331,0.00038,bare,0.420331,4,4,9,13,13,10.222,13.288,Unknown / Other
demo_000894,synthetic_demo,True,26.720285,72.856533,2026-04-21T17:08:00,VIIRS,VIIRS,21.146,324.123,41.75,1.164,1.059,N,farm,7248.42,0.2198,528.61,0.132054,0.027855,0.146547,0.019161,0.021695,0.088523,0.073159,0.491005,0.0,bare,0.491005,1,1,2,3,3,15.923,25.162,Unknown / Other
demo_000658,synthetic_demo,True,23.9908,86.907071,2026-05-21T07:07:00,VIIRS,VIIRS,154.55,336.237,93.25,0.83,1.421,D,farm,128.84,0.902,1060.96,0.078435,0.149301,0.008968,1e-05,0.003979,0.022764,0.670137,0.066405,0.0,built,0.670137,21,56,137,96,96,119.361,204.212,Persistent Thermal Source
demo_000388,synthetic_demo,True,21.530288,78.749952,2026-08-22T02:12:00,MODIS,VIIRS,102.851,342.652,76.86,0.518,1.296,D,industrial,2580.81,0.1204,2646.75,0.032566,0.667794,0.067739,0.001755,0.056794,0.14472,0.009146,0.019487,0.0,trees,0.667794,1,9,9,10,10,104.275,136.154,Wildfire / Natural Fire
demo_000154,synthetic_demo,True,19.18016,73.260518,2026-02-24T19:01:00,MODIS,VIIRS,85.13,335.071,70.11,1.668,0.729,D,water,203.5,0.6883,1172.87,0.028493,0.008501,0.002656,0.031156,0.013162,0.000227,0.734976,0.180828,0.0,built,0.734976,5,10,18,26,26,65.552,102.788,Industrial Fire
demo_000428,synthetic_demo,True,30.529105,74.65879,2026-03-08T16:49:00,MODIS,MODIS,65.77,336.614,93.52,1.769,1.381,D,water,191.61,0.2286,70.57,0.058372,1e-06,0.129453,0.011021,0.657556,0.031345,0.046059,0.066193,0.0,crops,0.657556,1,1,2,3,3,59.768,88.3,Agricultural Fire
demo_000764,synthetic_demo,True,22.922309,83.375381,2026-05-28T09:47:00,MODIS,VIIRS,62.453,332.314,89.05,1.75,0.552,D,warehouse,103.35,0.5959,78.01,0.203391,0.007672,0.030868,0.0,0.00063,0.005909,0.654935,0.096594,0.0,built,0.654935,88,410,410,523,523,64.224,95.03,Persistent Thermal Source
demo_000133,synthetic_demo,True,21.100264,74.876461,2026-03-29T12:34:00,VIIRS,VIIRS,33.846,332.331,82.88,0.888,1.386,N,water,335.19,0.9961,637.13,0.04268,2.2e-05,0.116705,0.00895,0.114464,0.01015,0.327402,0.379595,3.2e-05,bare,0.379595,1,2,3,5,5,26.823,45.839,Industrial Fire
demo_000184,synthetic_demo,True,15.057327,72.261883,2026-02-07T23:37:00,MODIS,VIIRS,138.949,343.65,93.31,0.582,1.982,D,industrial,241.04,0.5934,2275.44,0.035214,0.040525,0.03797,0.004389,0.032529,0.000118,0.698698,0.150557,0.0,built,0.698698,1,3,14,10,10,117.729,196.195,Industrial Fire
demo_000600,synthetic_demo,True,31.729635,76.457499,2026-07-17T13:29:00,VIIRS,MODIS,67.04,332.393,87.64,1.785,1.288,D,industrial,318.21,0.1585,507.61,0.057655,0.086398,0.241263,0.010407,0.314175,0.023439,0.011783,0.254873,6e-06,crops,0.314175,1,1,2,2,2,57.847,67.04,Agricultural Fire
demo_000503,synthetic_demo,True,32.719227,75.754622,2026-01-02T14:42:00,MODIS,MODIS,31.678,326.805,91.76,0.83,1.437,N,forest,490.26,0.3366,360.3,0.036273,0.021834,0.0365,0.002824,0.39522,0.050098,0.016383,0.440069,0.000797,bare,0.440069,1,2,5,4,4,25.579,31.678,Agricultural Fire
demo_000762,synthetic_demo,True,22.017925,86.120678,2026-01-19T10:13:00,MODIS,VIIRS,78.495,343.08,86.19,1.73,1.255,N,industrial,435.69,0.8719,1093.5,0.050962,0.01327,0.052079,0.001302,0.008275,0.002496,0.516841,0.354774,1e-06,built,0.516841,40,185,276,240,240,55.35,80.717,Persistent Thermal Source
demo_000043,synthetic_demo,True,18.318438,74.096045,2026-06-05T20:14:00,VIIRS,VIIRS,177.803,340.785,90.89,0.693,1.63,N,none,164.7,0.7781,1098.2,0.048739,0.039801,0.034258,0.048327,0.017574,0.162541,0.557255,0.091505,0.0,built,0.557255,4,12,25,27,27,144.284,177.803,Industrial Fire
demo_000801,synthetic_demo,True,25.012764,70.120221,2026-06-27T11:20:00,MODIS,MODIS,85.956,338.39,41.03,1.373,2.082,N,warehouse,7154.59,0.0725,92.28,0.034311,0.031005,0.056386,0.012222,0.070652,0.210171,0.021619,0.563635,0.0,bare,0.563635,1,8,8,9,9,75.614,114.363,Unknown / Other
demo_000947,synthetic_demo,True,25.738302,71.328076,2026-06-20T13:51:00,VIIRS,VIIRS,74.155,338.431,59.63,0.57,1.119,D,warehouse,1971.65,0.164,1346.53,0.041085,0.033568,0.020098,0.013268,0.001541,0.072488,0.127005,0.690824,0.000123,bare,0.690824,1,1,2,2,2,57.143,86.034,Unknown / Other
demo_000180,synthetic_demo,True,19.216832,72.195463,2026-06-11T11:03:00,MODIS,VIIRS,52.283,322.529,90.05,0.587,1.635,D,warehouse,108.55,0.8717,501.61,0.169103,0.000204,0.034854,0.06429,0.007261,0.0,0.617351,0.106937,0.0,built,0.617351,2,9,15,18,18,38.473,58.375,Industrial Fire
demo_000041,synthetic_demo,True,19.379801,72.453819,2026-08-02T14:40:00,MODIS,VIIRS,125.076,334.864,98.66,1.34,0.402,D,none,54.88,0.706,1955.39,0.02465,0.17852,0.007945,0.061039,0.008605,0.017259,0.650929,0.051051,0.0,built,0.650929,1,1,2,3,3,114.026,178.473,Industrial Fire
demo_000517,synthetic_demo,True,29.696828,74.359088,2026-04-07T01:34:00,MODIS,VIIRS,31.226,328.29,83.52,1.672,2.093,D,farm,448.02,0.1455,472.22,0.116911,0.005062,0.115579,0.104187,0.368556,0.08321,0.072709,0.133786,0.0,crops,0.368556,1,1,1,1,1,27.695,42.713,Agricultural Fire
demo_000879,synthetic_demo,True,26.406303,70.509216,2026-07-15T02:41:00,MODIS,VIIRS,20.656,323.208,75.68,0.422,2.024,D,none,582.06,0.0442,608.71,0.205324,0.072291,0.28478,0.114199,0.032308,0.078852,0.006099,0.203172,0.002976,grass,0.28478,1,3,5,6,6,15.549,20.656,Unknown / Other
demo_000136,synthetic_demo,True,20.382683,75.515471,2026-07-04T07:12:00,MODIS,VIIRS,118.523,332.279,73.38,1.413,1.396,D,industrial,254.16,0.6285,2105.1,0.045139,0.048039,0.031977,0.069886,0.065901,0.002442,0.647244,0.08935,2.2e-05,built,0.647244,3,5,11,13,13,113.342,156.2,Industrial Fire
demo_000579,synthetic_demo,True,30.340093,71.721013,2026-04-04T19:25:00,VIIRS,MODIS,18.58,345.72,60.3,0.902,0.408,D,farm,671.52,0.2472,2169.14,0.107033,0.004646,0.304562,0.00141,0.298495,0.130636,0.058405,0.094813,0.0,grass,0.304562,1,2,2,2,2,15.833,20.347,Agricultural Fire
demo_000783,synthetic_demo,True,22.823636,86.342519,2026-01-25T02:33:00,MODIS,MODIS,75.199,337.331,92.48,0.942,1.191,D,industrial,104.69,0.8495,944.21,0.076453,0.10088,0.018696,0.071319,0.063441,7.6e-05,0.535388,0.133747,0.0,built,0.535388,188,533,533,687,687,66.025,89.325,Persistent Thermal Source
demo_000758,synthetic_demo,True,24.312843,85.636244,2026-07-22T03:40:00,VIIRS,VIIRS,89.325,342.096,91.96,0.646,1.174,D,farm,557.83,0.6599,823.56,0.00813,0.005139,0.090202,0.03456,0.001166,0.000133,0.527227,0.333443,1e-06,built,0.527227,139,139,360,303,303,91.091,131.78,Persistent Thermal Source
demo_000305,synthetic_demo,True,22.021656,80.627842,2026-03-20T03:56:00,VIIRS,VIIRS,155.936,342.517,87.95,0.363,1.752,D,none,1614.1,0.1056,1353.22,0.002282,0.581922,0.286777,0.000293,0.010768,0.108528,0.001139,0.008292,0.0,trees,0.581922,1,1,1,2,2,146.474,177.735,Wildfire / Natural Fire
demo_000546,synthetic_demo,True,29.970525,76.055502,2026-07-06T15:21:00,MODIS,MODIS,18.629,338.071,76.16,0.484,1.956,N,none,1362.84,0.1985,1425.17,0.067245,0.024546,0.033866,0.096742,0.475389,0.053677,0.066253,0.182283,1e-06,crops,0.475389,1,1,1,2,2,15.201,18.629,Agricultural Fire
demo_000778,synthetic_demo,True,22.625898,83.463737,2026-05-01T22:45:00,VIIRS,VIIRS,88.724,340.404,82.16,0.727,1.894,D,none,309.75,0.9483,537.69,0.06449,0.019845,0.07493,0.027209,3.4e-05,0.016445,0.457887,0.339161,0.0,built,0.457887,51,155,294,341,341,88.229,146.148,Persistent Thermal Source
demo_000775,synthetic_demo,True,22.01477,87.803933,2026-05-29T11:13:00,VIIRS,MODIS,75.596,343.965,80.43,0.463,1.323,D,forest,344.17,0.9457,965.66,0.008948,0.001852,0.002354,0.003717,0.001123,0.125873,0.739211,0.116923,0.0,built,0.739211,59,125,201,225,225,61.138,75.596,Persistent Thermal Source
demo_000807,synthetic_demo,True,25.96256,71.595385,2026-06-07T21:14:00,VIIRS,MODIS,17.871,324.199,78.73,0.719,1.077,D,water,2424.39,0.2348,2514.46,0.011185,0.220097,0.025223,0.070356,0.007493,0.22513,0.030706,0.409809,0.0,bare,0.409809,1,4,5,4,4,17.71,31.714,Unknown / Other
demo_000385,synthetic_demo,True,22.996871,77.990834,2026-07-08T17:46:00,MODIS,VIIRS,153.585,339.951,91.88,1.554,0.912,D,none,1552.36,0.0663,1432.41,0.146249,0.639171,0.032619,0.002781,0.009476,0.132221,0.011539,0.025745,0.0002,trees,0.639171,2,4,5,7,7,160.247,213.202,Wildfire / Natural Fire
demo_000497,synthetic_demo,True,32.697396,74.863148,2026-03-06T08:10:00,MODIS,MODIS,56.286,318.645,92.52,0.969,0.83,D,industrial,209.58,0.2687,2015.64,0.016057,0.202769,0.004725,0.003634,0.426998,0.05374,0.106818,0.182457,0.002801,crops,0.426998,1,1,2,2,2,46.665,67.238,Agricultural Fire
demo_000560,synthetic_demo,True,31.00757,76.791839,2026-07-29T20:44:00,MODIS,VIIRS,37.877,334.036,73.03,1.485,0.875,D,industrial,214.6,0.2408,786.31,0.004349,0.0212,0.183984,0.041483,0.511162,0.019453,0.021382,0.196987,0.0,crops,0.511162,1,3,4,4,4,27.503,42.691,Agricultural Fire
demo_000396,synthetic_demo,True,21.822674,77.536796,2026-05-19T00:33:00,VIIRS,VIIRS,86.003,338.716,94.43,1.345,1.802,D,industrial,1707.36,0.0118,1889.86,0.038869,0.467622,0.027745,0.022585,0.201204,0.208766,0.01338,0.01983,0.0,trees,0.467622,1,5,7,8,8,68.081,86.003,Wildfire / Natural Fire
demo_000696,synthetic_demo,True,22.460345,86.404757,2026-03-01T06:09:00,MODIS,MODIS,153.648,342.609,90.92,1.396,0.358,N,industrial,51.46,0.7378,1064.18,0.043545,0.065645,9.1e-05,0.028496,0.010589,0.004085,0.613964,0.233584,0.0,built,0.613964,89,334,413,519,519,131.466,202.902,Persistent Thermal Source
demo_000299,synthetic_demo,True,22.74979,78.747199,2026-06-15T05:05:00,VIIRS,MODIS,99.661,335.507,75.39,0.911,1.011,D,forest,2187.89,0.1436,1809.92,0.099879,0.554485,0.004003,0.074641,0.048448,0.157309,0.009475,0.051503,0.000258,trees,0.554485,3,6,10,11,11,99.953,172.123,Wildfire / Natural Fire
demo_000710,synthetic_demo,True,21.614897,85.875973,2026-05-09T08:17:00,VIIRS,VIIRS,76.992,340.075,96.24,0.378,1.889,D,warehouse,207.11,0.6496,356.05,0.043368,0.068877,0.106235,0.00018,0.000918,0.02301,0.475914,0.281498,0.0,built,0.475914,178,248,497,644,644,80.703,123.044,Persistent Thermal Source
demo_000704,synthetic_demo,True,22.738593,85.671363,2026-03-27T12:18:00,VIIRS,MODIS,111.476,338.058,97.38,1.387,2.074,D,forest,167.51,0.6872,406.17,0.024097,0.131596,0.000449,0.021422,0.00758,0.007691,0.638018,0.169147,0.0,built,0.638018,86,345,375,474,474,107.373,145.217,Persistent Thermal Source
demo_000991,synthetic_demo,True,28.680077,73.564257,2026-06-05T13:24:00,VIIRS,VIIRS,59.498,312.322,81.84,1.0,1.071,D,industrial,2797.13,0.0325,867.02,0.054211,0.017768,0.125556,0.00303,0.002543,0.146607,0.070713,0.545604,0.033967,bare,0.545604,1,2,3,3,3,55.122,86.788,Unknown / Other
demo_000113,synthetic_demo,True,19.606328,73.241109,2026-03-18T08:28:00,VIIRS,MODIS,101.256,330.783,78.17,0.364,0.652,D,none,112.46,0.6853,323.15,0.040896,0.015237,0.065278,0.000126,0.064477,0.019911,0.518169,0.275906,0.0,built,0.518169,4,11,24,28,28,92.123,104.708,Industrial Fire
demo_000177,synthetic_demo,True,18.689818,76.496543,2026-02-07T11:57:00,VIIRS,VIIRS,76.844,343.261,71.54,1.415,1.602,D,industrial,97.33,0.732,669.44,0.109525,0.034734,0.011162,0.02194,0.008397,1.7e-05,0.631834,0.18239,0.0,built,0.631834,2,9,13,15,15,57.249,81.746,Industrial Fire
demo_000971,synthetic_demo,True,27.541054,71.496867,2026-01-06T18:18:00,VIIRS,MODIS,20.018,301.731,47.86,1.59,1.441,D,farm,3307.88,0.1048,1301.38,0.05935,0.029857,0.017031,0.031456,0.049796,0.194809,0.024909,0.541239,0.051555,bare,0.541239,2,4,10,10,10,19.349,29.45,Unknown / Other
demo_000712,synthetic_demo,True,22.457723,85.380111,2026-06-15T15:33:00,MODIS,VIIRS,58.687,332.965,86.49,0.852,1.948,D,none,250.46,0.5796,442.95,0.007627,0.128054,0.065972,0.068149,0.043919,0.015776,0.47632,0.194184,0.0,built,0.47632,68,237,464,411,411,58.85,98.475,Persistent Thermal Source
demo_000598,synthetic_demo,True,32.582278,77.046282,2026-02-10T01:38:00,VIIRS,MODIS,41.586,326.74,74.82,1.267,1.312,D,forest,868.51,0.0759,1584.14,0.039675,0.095537,0.061984,0.014301,0.54586,0.027533,0.057995,0.157114,0.0,crops,0.54586,1,1,1,1,1,34.509,41.586,Agricultural Fire
demo_000187,synthetic_demo,True,18.244032,70.509856,2026-03-04T21:45:00,MODIS,MODIS,190.516,328.979,82.67,1.329,1.707,D,warehouse,325.22,0.8979,546.52,0.182853,0.037686,0.02296,0.00569,0.004013,0.011933,0.532479,0.199959,0.002426,built,0.532479,1,1,1,1,1,174.232,260.375,Industrial Fire
demo_000404,synthetic_demo,True,32.625645,73.587591,2026-07-24T02:43:00,MODIS,MODIS,57.611,320.962,83.95,1.197,0.455,D,water,444.56,0.2473,1758.71,0.045935,0.033104,0.041679,0.020362,0.664826,0.172751,0.006902,0.012981,0.00146,crops,0.664826,1,2,2,2,2,53.263,81.589,Agricultural Fire
demo_000984,synthetic_demo,True,24.918293,70.321913,2026-06-16T20:24:00,MODIS,MODIS,20.525,315.605,52.86,1.306,1.252,N,forest,3424.08,0.151,633.45,0.019336,0.255142,0.105667,0.029856,0.075235,0.111167,0.055697,0.3479,0.0,bare,0.3479,1,4,4,5,5,16.797,20.525,Unknown / Other
demo_000132,synthetic_demo,True,18.053258,72.444204,2026-03-12T05:17:00,MODIS,MODIS,53.69,338.886,76.44,1.536,1.55,D,forest,53.13,0.5753,235.19,0.086244,0.000986,0.015431,0.000714,0.010484,0.0,0.845697,0.04044,4e-06,built,0.845697,7,22,22,26,26,52.956,73.62,Industrial Fire
demo_000585,synthetic_demo,True,31.888047,73.711713,2026-03-18T07:52:00,MODIS,VIIRS,74.873,317.934,65.09,0.86,1.399,D,farm,782.06,0.2225,1223.76,0.002705,0.111496,0.133737,0.104117,0.401479,0.03975,0.014209,0.192507,1e-06,crops,0.401479,1,2,5,4,4,57.592,74.873,Agricultural Fire
demo_000829,synthetic_demo,True,25.125352,73.205809,2026-07-14T20:42:00,MODIS,VIIRS,43.637,317.306,75.57,1.433,1.941,D,industrial,3902.94,0.1936,2206.28,0.028269,0.10436,0.020594,0.022461,0.087826,0.048941,0.031631,0.655918,0.0,bare,0.655918,1,4,11,11,11,38.33,63.934,Unknown / Other
demo_000117,synthetic_demo,True,19.204517,74.102517,2026-06-11T01:27:00,VIIRS,VIIRS,45.477,333.104,71.88,0.459,1.86,N,forest,126.97,0.8146,1305.52,0.105792,0.099957,0.001902,0.003254,0.000125,1.3e-05,0.568978,0.21998,0.0,built,0.568978,1,1,1,1,1,35.688,50.359,Industrial Fire
demo_000437,synthetic_demo,True,31.933146,74.279969,2026-01-07T23:48:00,MODIS,MODIS,78.691,326.183,70.1,0.444,0.964,D,farm,562.26,0.3168,1140.69,0.013166,0.017365,0.010074,0.000805,0.719209,0.032457,0.101787,0.045586,0.05955,crops,0.719209,1,1,3,2,2,61.799,109.896,Agricultural Fire
demo_000001,synthetic_demo,True,19.606516,72.919074,2026-02-22T06:05:00,VIIRS,VIIRS,114.204,344.501,77.35,0.99,1.136,D,industrial,171.56,0.561,263.37,0.128742,0.026328,0.016896,0.082038,0.000867,0.0,0.625376,0.119754,0.0,built,0.625376,5,9,33,24,24,89.961,134.098,Industrial Fire
demo_000986,synthetic_demo,True,25.252917,71.989117,2026-01-07T22:37:00,MODIS,VIIRS,28.214,306.363,40.75,0.747,1.857,D,industrial,4886.34,0.1114,1144.79,0.031104,0.03066,0.097098,0.00549,0.022669,0.069,0.179075,0.564883,1.9e-05,bare,0.564883,3,7,7,9,9,27.674,47.581,Unknown / Other
demo_000345,synthetic_demo,True,21.038405,77.432905,2026-08-06T19:14:00,VIIRS,MODIS,128.96,352.683,99.85,1.609,0.451,D,water,1688.94,0.0851,187.5,0.053146,0.610053,0.08741,0.000601,0.010115,0.187066,0.00035,0.051259,0.0,trees,0.610053,1,3,3,3,3,120.393,173.07,Wildfire / Natural Fire
demo_000222,synthetic_demo,True,21.667886,75.38519,2026-07-17T14:27:00,MODIS,VIIRS,102.045,364.967,80.62,0.803,1.169,N,forest,1929.11,0.0713,520.11,0.09366,0.758099,0.018882,0.003128,0.014585,0.069464,0.000325,0.011528,0.030328,trees,0.758099,1,6,9,9,9,91.238,154.566,Wildfire / Natural Fire
demo_000341,synthetic_demo,True,23.052146,77.004678,2026-03-29T13:56:00,MODIS,VIIRS,113.702,358.372,79.36,1.528,1.531,N,industrial,3273.64,0.0937,1027.93,0.07516,0.315436,0.174693,4.1e-05,0.158568,0.088002,0.149807,0.002313,0.035979,trees,0.315436,2,6,6,8,8,86.55,113.702,Wildfire / Natural Fire
demo_000568,synthetic_demo,True,30.823503,75.654027,2026-07-08T00:04:00,VIIRS,VIIRS,27.819,327.026,68.45,1.039,1.149,D,,282.31,0.1363,2140.51,0.016857,0.087591,0.244114,7e-06,0.436192,0.015671,0.032633,0.166936,0.0,crops,0.436192,1,1,2,2,2,24.463,43.705,Agricultural Fire
demo_000047,synthetic_demo,True,19.699315,73.953655,2026-03-31T05:19:00,VIIRS,VIIRS,81.712,340.542,83.43,0.92,1.524,D,water,493.62,0.9443,859.99,0.093057,0.001575,0.04609,0.000339,0.158337,0.00017,0.603477,0.095854,0.001101,built,0.603477,3,11,27,23,23,70.644,111.31,Industrial Fire
demo_000215,synthetic_demo,True,21.682978,78.365374,2026-05-01T21:31:00,VIIRS,MODIS,118.583,332.111,98.34,1.466,0.519,D,industrial,2021.36,0.0287,176.08,0.00902,0.529045,0.18432,0.0004,0.0007,0.12855,6.7e-05,0.147898,0.0,trees,0.529045,1,2,4,5,5,119.964,136.529,Wildfire / Natural Fire
demo_000665,synthetic_demo,True,21.138691,84.134016,2026-06-11T09:23:00,MODIS,MODIS,113.274,344.352,99.05,0.749,1.911,D,forest,578.95,0.7366,1043.65,0.046268,0.002047,4.1e-05,0.101638,4.9e-05,0.035292,0.660866,0.152678,0.001122,built,0.660866,22,43,94,114,114,91.681,113.954,Persistent Thermal Source
demo_000850,synthetic_demo,True,24.780677,71.829686,2026-02-28T14:44:00,VIIRS,VIIRS,27.079,317.53,52.56,1.568,1.656,D,industrial,2375.68,0.0549,688.36,0.044477,0.333737,0.03861,0.008099,0.021272,0.100949,0.004078,0.448778,0.0,bare,0.448778,4,12,12,14,14,27.673,37.953,Unknown / Other
demo_000795,synthetic_demo,True,22.814793,86.038032,2026-04-10T12:58:00,VIIRS,MODIS,129.904,345.045,97.95,1.669,0.935,N,warehouse,253.39,0.5923,1500.56,0.024535,0.027689,0.009864,0.0,0.002623,0.006897,0.8259,0.10241,8e-05,built,0.8259,105,316,811,576,576,96.541,148.971,Persistent Thermal Source
demo_000718,synthetic_demo,True,23.573338,88.100271,2026-02-09T10:31:00,VIIRS,MODIS,67.537,338.658,98.12,1.055,1.603,N,industrial,346.98,0.8637,1625.14,0.053421,0.051379,0.018974,0.001304,0.049568,0.039079,0.562201,0.224075,0.0,built,0.562201,80,218,807,595,595,65.235,110.637,Persistent Thermal Source
demo_000756,synthetic_demo,True,20.38497,86.932213,2026-04-24T14:51:00,MODIS,MODIS,103.08,341.169,84.1,1.206,1.455,D,none,285.23,0.9147,132.06,0.101702,0.04628,0.011664,0.01026,0.035043,0.000203,0.60293,0.171284,0.020634,built,0.60293,91,480,480,520,520,77.298,127.319,Persistent Thermal Source
demo_000533,synthetic_demo,True,28.440525,75.099225,2026-08-09T00:41:00,VIIRS,VIIRS,18.82,339.777,97.68,1.008,1.105,N,industrial,592.65,0.3457,601.71,0.065519,0.042464,0.135239,0.025497,0.477038,0.151584,0.063734,0.038926,0.0,crops,0.477038,1,2,2,3,3,15.159,23.41,Agricultural Fire
demo_000493,synthetic_demo,True,30.498392,77.039783,2026-06-28T20:37:00,VIIRS,MODIS,18.982,325.48,86.68,1.001,1.112,D,forest,1098.68,0.3141,3838.19,0.052171,0.041315,0.034589,0.010416,0.670341,0.068758,0.033687,0.088724,0.0,crops,0.670341,1,1,3,4,4,15.627,21.675,Agricultural Fire
demo_000581,synthetic_demo,True,30.458072,75.841482,2026-07-10T19:09:00,MODIS,VIIRS,39.229,,64.42,0.421,1.543,N,industrial,352.94,0.2794,890.5,0.004379,0.131363,0.04678,0.005662,0.602879,0.033162,0.098732,0.077043,0.0,crops,0.602879,1,1,3,3,3,37.697,40.433,Agricultural Fire
demo_000550,synthetic_demo,True,32.886366,76.415125,2026-02-08T23:49:00,VIIRS,VIIRS,28.057,324.093,66.27,0.795,1.04,N,industrial,614.04,0.2792,854.47,0.01328,0.040544,0.109911,0.050571,0.749995,0.002133,0.014101,0.006283,0.01318,crops,0.749995,1,1,2,2,2,25.47,43.244,Agricultural Fire
demo_000896,synthetic_demo,True,26.207247,71.530859,2026-05-04T05:42:00,MODIS,MODIS,110.204,300.203,40.32,1.767,0.429,N,industrial,1532.46,0.0468,2671.7,0.017952,0.207315,0.040738,0.015748,0.074725,0.073625,0.014484,0.555403,1.2e-05,bare,0.555403,1,1,3,4,4,87.636,125.5,Unknown / Other
demo_000721,synthetic_demo,True,23.360613,84.939284,2026-06-20T02:37:00,MODIS,VIIRS,121.096,334.234,83.5,0.827,1.239,D,forest,141.27,0.7274,876.33,0.012919,0.04111,0.022926,0.000189,0.0,0.016416,0.654491,0.247317,0.004633,built,0.654491,109,480,561,710,710,91.736,153.559,Persistent Thermal Source
demo_000343,synthetic_demo,True,23.173597,78.356163,2026-03-08T20:35:00,MODIS,VIIRS,178.613,344.246,98.94,1.002,1.01,D,industrial,2524.98,0.0963,552.32,0.082552,0.544971,0.090111,0.00147,0.058292,0.17425,0.00013,0.046569,0.001655,trees,0.544971,1,3,5,4,4,169.89,239.028,Wildfire / Natural Fire
demo_000324,synthetic_demo,True,21.232618,75.482381,2026-02-07T13:34:00,VIIRS,MODIS,232.88,359.982,80.42,1.399,1.144,N,farm,1268.08,0.0311,106.05,0.003538,0.370779,0.203368,0.04413,0.000997,0.368357,1.7e-05,0.008657,0.000156,trees,0.370779,2,4,9,9,9,224.123,396.647,Wildfire / Natural Fire
demo_000818,synthetic_demo,True,28.488768,69.307801,2026-08-26T23:16:00,MODIS,MODIS,9.916,315.998,43.11,1.695,0.513,D,water,3814.47,0.1367,473.98,0.025397,0.120117,0.267446,0.042869,0.033816,0.235615,0.022369,0.25237,0.0,grass,0.267446,1,3,7,7,7,7.717,11.526,Unknown / Other
demo_000314,synthetic_demo,True,24.082568,77.791277,2026-07-31T10:37:00,VIIRS,VIIRS,345.555,342.066,79.11,0.97,1.043,D,forest,2292.05,0.0953,2360.54,0.06183,0.396508,0.11241,0.017701,0.005631,0.36249,0.009982,0.033447,0.0,trees,0.396508,2,4,9,9,9,284.597,418.452,Wildfire / Natural Fire
demo_000826,synthetic_demo,True,26.728261,72.705233,2026-01-18T07:59:00,VIIRS,MODIS,33.539,313.625,61.18,1.151,1.031,D,warehouse,3045.83,0.1055,185.26,0.009326,0.061451,0.054577,0.000401,0.016825,0.203627,0.032628,0.621165,0.0,bare,0.621165,1,5,9,9,9,34.068,36.846,Unknown / Other
demo_000266,synthetic_demo,True,22.162666,80.710271,2026-02-24T06:33:00,VIIRS,VIIRS,214.713,358.245,76.11,1.305,1.808,D,farm,4784.69,0.0172,1697.43,0.055783,0.279097,0.270412,0.012737,0.000203,0.064633,0.150787,0.166343,5e-06,trees,0.279097,2,7,12,9,9,163.696,268.457,Wildfire / Natural Fire
demo_000691,synthetic_demo,True,22.543,87.268389,2026-06-05T07:17:00,MODIS,MODIS,122.988,338.114,87.22,1.444,1.561,D,forest,60.98,0.9384,637.96,0.010634,0.00109,0.043552,0.002965,0.049064,0.00058,0.788828,0.103287,0.0,built,0.788828,25,172,216,187,187,107.418,122.988,Persistent Thermal Source
demo_000674,synthetic_demo,True,22.098576,86.294398,2026-01-18T21:13:00,VIIRS,VIIRS,93.478,338.229,80.37,1.198,1.595,D,none,107.15,0.8505,2483.16,0.101771,0.09253,0.034796,0.009421,0.018726,0.016533,0.663046,0.063178,0.0,built,0.663046,197,306,505,669,669,77.707,108.928,Persistent Thermal Source
demo_000649,synthetic_demo,True,21.375089,85.943562,2026-08-15T23:53:00,VIIRS,MODIS,100.958,340.813,94.61,0.673,0.738,D,forest,490.11,0.7438,1269.54,0.005469,0.022898,0.037076,0.003037,0.073404,0.098206,0.674719,0.085192,0.0,built,0.674719,42,164,247,257,257,105.383,182.966,Persistent Thermal Source
demo_000849,synthetic_demo,True,25.554409,70.033461,2026-06-11T16:15:00,VIIRS,VIIRS,43.649,310.267,73.15,0.487,2.107,N,none,2792.22,0.2293,662.19,0.010559,0.033582,0.117222,0.139264,0.056662,0.130372,0.01895,0.485381,0.008007,bare,0.485381,2,5,11,13,13,41.169,67.692,Unknown / Other
demo_000675,synthetic_demo,True,22.313424,84.556852,2026-01-22T14:39:00,VIIRS,VIIRS,103.3,339.489,85.03,1.529,0.853,N,none,404.65,0.7923,480.29,0.019054,0.017716,0.017242,0.0,0.014883,5.2e-05,0.556904,0.328477,0.045672,built,0.556904,106,187,435,459,459,88.312,126.672,Persistent Thermal Source
demo_000006,synthetic_demo,True,15.555643,72.293079,2026-06-19T07:04:00,MODIS,MODIS,89.513,323.302,99.34,1.273,2.074,D,warehouse,591.34,0.712,1322.49,0.033859,0.037675,0.001146,1.5e-05,0.001479,1.2e-05,0.832921,0.088093,0.004801,built,0.832921,3,6,9,13,13,82.852,131.505,Industrial Fire
demo_000907,synthetic_demo,True,28.167036,69.29233,2026-01-19T20:35:00,MODIS,MODIS,32.922,304.345,40.43,0.582,1.193,D,water,703.96,0.0003,327.94,0.148371,0.040767,0.026306,0.084117,0.099521,0.050459,0.02888,0.393741,0.127839,bare,0.393741,1,2,4,4,4,31.129,50.045,Unknown / Other
demo_000160,synthetic_demo,True,18.346099,73.922433,2026-01-13T08:29:00,VIIRS,MODIS,46.763,335.259,97.14,1.679,1.508,D,warehouse,264.31,0.6112,1265.22,0.024519,0.25568,0.008441,0.023179,0.007153,0.000444,0.645414,0.034201,0.000969,built,0.645414,3,6,15,17,17,42.716,66.94,Industrial Fire
demo_000898,synthetic_demo,True,27.509857,70.639661,2026-04-03T11:18:00,VIIRS,MODIS,38.208,321.944,81.09,0.538,1.908,N,industrial,3317.96,0.0411,887.62,0.03733,0.064495,0.005532,0.003678,0.119858,0.238799,0.064385,0.46592,4e-06,bare,0.46592,4,5,10,9,9,38.561,66.729,Unknown / Other
demo_000312,synthetic_demo,True,21.977524,76.212871,2026-03-17T08:52:00,MODIS,MODIS,307.496,353.599,72.55,0.777,0.681,D,water,3118.03,0.0173,1289.98,2e-05,0.550078,0.320823,0.018531,0.001295,0.10908,0.000152,1.6e-05,6e-06,trees,0.550078,2,4,5,6,6,276.92,409.512,Wildfire / Natural Fire
demo_000307,synthetic_demo,True,23.499963,76.607395,2026-05-03T00:10:00,MODIS,VIIRS,82.458,340.936,72.17,0.951,1.922,N,forest,621.7,0.0658,1261.14,0.122854,0.353392,0.046834,0.024523,0.0749,0.119493,0.157162,0.10084,0.0,trees,0.353392,1,1,3,2,2,83.181,131.981,Wildfire / Natural Fire
demo_000294,synthetic_demo,True,22.655407,77.734441,2026-05-15T03:46:00,MODIS,MODIS,199.358,349.07,98.1,1.312,1.293,D,water,992.9,0.0297,1244.07,0.09884,0.561011,0.034553,0.01739,0.014036,0.080991,0.000138,0.193042,0.0,trees,0.561011,1,2,6,6,6,168.572,282.1,Wildfire / Natural Fire
demo_000763,synthetic_demo,True,23.300907,84.388989,2026-05-29T00:24:00,VIIRS,VIIRS,58.943,331.931,82.57,0.518,1.119,N,warehouse,122.77,0.9801,887.88,0.043185,0.005968,0.0,0.000283,0.02097,0.055667,0.690267,0.18366,0.0,built,0.690267,52,173,248,311,311,54.089,91.43,Persistent Thermal Source
demo_000859,synthetic_demo,True,23.805325,70.828371,2026-05-27T10:49:00,VIIRS,VIIRS,11.37,320.174,59.18,0.947,1.758,D,industrial,6853.49,0.1131,357.66,0.0052,0.121578,0.031315,0.001452,0.042896,0.036874,0.021527,0.739158,0.0,bare,0.739158,2,2,9,7,7,9.661,16.276,Unknown / Other
demo_000651,synthetic_demo,True,23.25876,85.931635,2026-02-07T07:02:00,MODIS,MODIS,101.954,342.01,96.29,1.347,1.15,D,none,467.09,0.8441,123.61,0.077082,0.004526,0.008082,0.053372,0.000224,0.012225,0.707429,0.137061,0.0,built,0.707429,44,169,185,227,227,103.578,141.987,Persistent Thermal Source
demo_000576,synthetic_demo,True,31.347563,73.937209,2026-07-19T21:05:00,VIIRS,VIIRS,27.416,326.579,81.62,0.703,1.483,N,industrial,415.18,0.1116,765.29,0.022058,0.051411,0.007598,0.005936,0.668181,0.011136,0.104535,0.125835,0.003309,crops,0.668181,1,1,1,1,1,25.328,28.267,Agricultural Fire
demo_000832,synthetic_demo,True,26.902656,74.186191,2026-08-25T23:46:00,MODIS,VIIRS,18.19,315.477,35.77,1.795,1.277,D,forest,1906.87,0.0607,356.15,0.034695,0.092888,0.049862,0.006866,0.076154,0.086858,0.052917,0.59976,0.0,bare,0.59976,1,4,8,8,8,13.028,22.808,Unknown / Other
demo_000087,synthetic_demo,True,18.918763,74.378255,2026-04-07T09:06:00,VIIRS,VIIRS,56.278,339.734,78.52,1.032,1.242,D,farm,384.47,0.9081,,0.003856,0.035847,0.269127,0.018369,0.020056,1.2e-05,0.422022,0.22583,0.00488,built,0.422022,4,16,21,28,28,56.647,70.574,Industrial Fire
demo_000234,synthetic_demo,True,22.915896,77.397697,2026-04-15T19:33:00,VIIRS,MODIS,245.062,343.931,81.58,1.471,0.76,D,none,1157.98,0.0814,943.08,0.031532,0.354837,0.211473,5.2e-05,0.067165,0.250461,0.030226,0.054254,0.0,trees,0.354837,1,1,2,3,3,225.248,324.437,Wildfire / Natural Fire
demo_000008,synthetic_demo,True,18.169751,70.303665,2026-01-12T14:27:00,VIIRS,VIIRS,62.654,309.364,73.5,0.499,1.92,N,farm,478.16,0.786,1340.73,0.040978,0.086931,0.024329,0.001507,0.010473,0.037004,0.761109,0.037669,0.0,built,0.761109,5,12,16,22,22,56.198,63.688,Industrial Fire
demo_000337,synthetic_demo,True,22.382953,77.710094,2026-06-02T22:04:00,VIIRS,MODIS,72.055,348.555,67.79,1.512,0.401,D,none,2183.68,0.0666,856.33,0.035139,0.61416,0.04794,0.000507,0.160168,0.08011,0.031631,0.030345,0.0,trees,0.61416,1,1,2,3,3,66.754,80.232,Wildfire / Natural Fire
demo_000761,synthetic_demo,True,26.37708,84.706663,2026-04-09T18:29:00,VIIRS,VIIRS,107.283,326.981,80.99,0.607,0.766,N,industrial,48.31,0.7907,292.19,0.148675,0.007435,0.000329,0.049032,0.0176,0.019687,0.619338,0.137903,0.0,built,0.619338,36,148,148,188,188,110.926,148.558,Persistent Thermal Source
demo_000017,synthetic_demo,True,19.740167,73.971428,2026-07-09T20:40:00,MODIS,MODIS,82.462,335.976,73.8,1.245,0.681,N,forest,329.53,0.9521,1047.12,0.079552,0.015248,0.031341,0.04196,0.069144,0.001115,0.660094,0.101545,0.0,built,0.660094,3,9,32,23,23,66.271,102.429,Industrial Fire
demo_000770,synthetic_demo,True,23.316894,84.64733,2026-07-11T09:45:00,VIIRS,MODIS,96.818,339.715,85.36,0.958,1.33,N,none,175.2,0.6801,960.4,0.037262,0.072222,0.000642,0.000132,0.000671,0.000639,0.817843,0.055122,0.015468,built,0.817843,34,179,247,215,215,80.073,143.047,Persistent Thermal Source
demo_000822,synthetic_demo,True,25.201219,72.428547,2026-01-21T04:16:00,VIIRS,MODIS,9.203,,70.58,1.295,2.052,N,warehouse,1997.94,0.2012,1001.93,0.027489,0.091673,0.05114,0.100975,0.109281,0.181713,0.01501,0.42272,0.0,bare,0.42272,2,5,14,14,14,8.662,11.454,Unknown / Other
demo_000394,synthetic_demo,True,22.789371,79.956801,2026-05-15T12:39:00,MODIS,VIIRS,71.917,346.661,95.57,0.414,2.142,D,industrial,1198.45,0.1396,754.65,0.025999,0.576533,0.165727,0.004476,0.094279,0.077702,0.023889,0.030589,0.000805,trees,0.576533,1,1,1,1,1,60.839,86.924,Wildfire / Natural Fire
demo_000021,synthetic_demo,True,20.866477,73.195345,2026-07-04T22:00:00,VIIRS,MODIS,43.776,336.277,75.31,0.799,0.85,D,industrial,295.54,0.8709,467.42,0.173074,0.341212,0.001386,0.014623,1.1e-05,0.0003,0.216109,0.25095,0.002334,trees,0.341212,10,13,23,27,27,42.1,48.255,Industrial Fire
demo_000229,synthetic_demo,True,21.808834,78.584785,2026-05-12T21:25:00,VIIRS,VIIRS,459.273,347.618,76.05,0.951,0.41,N,industrial,1647.36,0.0241,257.98,0.043791,0.495488,0.197982,0.00327,0.011686,0.163018,0.0,0.084764,0.0,trees,0.495488,1,3,7,5,5,444.657,760.233,Wildfire / Natural Fire
demo_000231,synthetic_demo,True,24.064939,78.070369,2026-03-13T12:49:00,VIIRS,MODIS,242.35,,92.81,1.513,1.779,D,industrial,1801.08,0.1402,798.88,0.030689,0.419402,0.236958,0.033439,0.116505,0.126446,0.002995,0.033567,0.0,trees,0.419402,1,2,3,4,4,185.386,264.661,Wildfire / Natural Fire
demo_000351,synthetic_demo,True,23.164293,78.261047,2026-02-17T09:28:00,MODIS,VIIRS,313.071,356.838,70.8,1.632,1.272,N,none,1404.9,0.0196,1775.3,0.007673,0.617182,0.030405,0.000677,0.004562,0.031664,0.008133,0.298311,0.001392,trees,0.617182,1,1,2,3,3,234.424,408.09,Wildfire / Natural Fire
demo_000932,synthetic_demo,True,27.712407,74.460165,2026-08-12T17:31:00,MODIS,MODIS,27.255,323.299,42.96,0.974,2.141,D,industrial,5070.48,0.0669,1406.13,0.028722,0.064845,0.315147,0.000189,0.020104,0.12349,0.124229,0.323221,5.2e-05,bare,0.323221,1,2,6,4,4,21.93,34.584,Unknown / Other
demo_000701,synthetic_demo,True,22.594944,85.936501,2026-03-23T05:52:00,MODIS,VIIRS,72.258,339.236,93.87,1.428,1.186,D,industrial,188.22,0.8121,1833.55,0.049815,0.005181,0.330705,0.0,0.000162,0.032424,0.480424,0.099224,0.002065,built,0.480424,102,311,311,439,439,66.102,95.638,Persistent Thermal Source
demo_000565,synthetic_demo,True,29.797448,75.977965,2026-07-23T14:59:00,MODIS,VIIRS,88.56,315.805,78.02,1.238,0.761,D,industrial,671.5,0.1262,2045.79,0.100844,0.027228,0.157012,0.004487,0.63736,0.046483,0.001138,0.025448,0.0,crops,0.63736,1,3,4,4,4,72.271,103.632,Agricultural Fire
demo_000409,synthetic_demo,True,29.996803,76.789839,2026-03-04T00:01:00,MODIS,MODIS,62.017,323.207,96.09,0.739,1.664,D,industrial,422.11,0.1814,343.88,0.069772,0.106738,0.063819,0.062401,0.387114,0.007723,0.044908,0.257524,0.0,crops,0.387114,1,2,4,4,4,46.548,77.716,Agricultural Fire
demo_000170,synthetic_demo,True,19.715301,73.36041,2026-06-28T16:31:00,VIIRS,VIIRS,43.697,332.797,99.3,1.551,2.023,N,industrial,263.61,0.6721,413.83,0.032154,0.021442,0.09024,0.025138,0.028988,6.1e-05,0.685788,0.116189,0.0,built,0.685788,1,2,4,3,3,39.816,51.753,Industrial Fire
demo_000201,synthetic_demo,True,20.129523,75.73042,2026-08-08T14:19:00,VIIRS,MODIS,96.758,330.369,98.48,0.366,0.487,D,industrial,2780.75,0.0687,825.56,0.002188,0.696076,0.073632,5e-05,0.015704,0.10583,0.000109,0.106411,1e-06,trees,0.696076,1,5,9,10,10,83.926,120.031,Wildfire / Natural Fire
demo_000788,synthetic_demo,True,23.965064,85.898964,2026-08-20T08:03:00,MODIS,MODIS,73.21,331.781,89.41,0.858,1.137,N,industrial,25.84,0.8089,1116.97,0.124186,0.007455,0.001749,0.002028,0.000489,0.000239,0.742091,0.121763,0.0,built,0.742091,31,138,210,165,165,71.646,127.417,Persistent Thermal Source
demo_000791,synthetic_demo,True,23.460616,86.532821,2026-03-09T21:22:00,VIIRS,MODIS,99.62,340.133,96.13,0.365,0.43,D,farm,363.03,0.5784,327.49,0.173633,0.002904,0.121959,7.1e-05,0.002718,1e-05,0.61011,0.088593,0.0,built,0.61011,41,65,152,151,151,70.628,99.62,Persistent Thermal Source
demo_000811,synthetic_demo,True,26.76812,72.152184,2026-07-16T13:26:00,MODIS,MODIS,20.365,312.43,67.06,0.803,1.961,D,water,1810.27,0.1838,602.01,0.082797,0.052389,0.196761,0.004054,0.029563,0.124057,0.169926,0.340451,2e-06,bare,0.340451,1,2,5,5,5,20.926,32.916,Unknown / Other
demo_000070,synthetic_demo,True,19.414073,73.484258,2026-02-02T01:12:00,MODIS,MODIS,308.324,337.882,81.21,0.739,1.221,D,farm,235.73,0.7695,698.67,0.113678,0.029333,0.009629,0.000319,0.012916,0.001028,0.763514,0.069432,0.00015,built,0.763514,3,10,30,22,22,292.385,352.378,Industrial Fire
demo_000782,synthetic_demo,True,21.11902,84.363198,2026-08-01T18:46:00,VIIRS,MODIS,108.11,337.099,83.4,1.213,0.946,D,water,36.55,0.7899,1390.31,0.025069,0.065631,5e-05,0.003569,9.7e-05,0.00132,0.765507,0.138757,0.0,built,0.765507,294,311,634,707,707,94.706,164.908,Persistent Thermal Source
demo_000562,synthetic_demo,True,32.592463,73.234943,2026-07-21T03:30:00,MODIS,MODIS,27.93,327.077,79.61,1.435,1.562,D,,535.71,0.1896,904.21,0.150846,0.129338,0.062824,0.039154,0.462467,0.027115,0.041558,0.086698,0.0,crops,0.462467,1,2,3,4,4,20.783,27.93,Agricultural Fire
demo_000654,synthetic_demo,True,22.406541,86.515981,2026-04-11T14:40:00,MODIS,VIIRS,61.927,342.28,93.16,1.644,0.582,D,none,466.7,0.7167,1684.58,0.101932,0.020401,0.040975,0.017791,0.001686,0.000866,0.59609,0.214852,0.005406,built,0.59609,102,256,922,701,701,44.088,61.927,Persistent Thermal Source
demo_000261,synthetic_demo,True,24.070427,81.015071,2026-05-28T09:19:00,VIIRS,VIIRS,92.242,349.727,89.91,0.981,0.48,D,forest,1579.09,0.0067,307.74,0.016588,0.412912,0.094683,0.000713,0.160684,0.063968,0.009406,0.241047,0.0,trees,0.412912,1,1,2,3,3,85.89,92.242,Wildfire / Natural Fire
demo_000392,synthetic_demo,True,21.73603,75.014877,2026-02-07T15:34:00,VIIRS,MODIS,681.242,339.931,74.47,0.997,1.214,N,industrial,2638.55,0.0808,194.3,0.156356,0.340923,0.270087,0.00018,0.041065,0.180814,0.000893,0.009682,0.0,trees,0.340923,2,6,6,8,8,606.918,681.242,Wildfire / Natural Fire
demo_000003,synthetic_demo,True,18.61156,72.660948,2026-04-02T07:04:00,VIIRS,VIIRS,124.67,327.588,83.85,0.736,0.576,D,industrial,538.14,0.6104,299.22,0.129933,0.002528,0.082792,0.00142,0.000711,0.000191,0.686371,0.052234,0.04382,built,0.686371,5,5,11,14,14,119.002,152.561,Industrial Fire
demo_000038,synthetic_demo,True,20.864707,74.178029,2026-08-12T17:09:00,VIIRS,MODIS,69.043,335.314,81.78,0.733,1.708,D,industrial,209.1,0.7718,209.13,0.020299,0.02673,1.1e-05,0.000141,0.004482,1e-06,0.658021,0.289545,0.000769,built,0.658021,2,6,8,7,7,54.663,69.043,Industrial Fire
demo_000264,synthetic_demo,True,23.741046,77.601826,2026-06-17T00:38:00,MODIS,VIIRS,99.709,355.822,85.83,1.43,1.736,D,farm,2457.46,0.0626,724.85,0.085718,0.60378,0.146408,0.0,0.072627,0.057719,0.014026,0.019723,0.0,trees,0.60378,1,3,3,4,4,75.394,100.602,Wildfire / Natural Fire
demo_000755,synthetic_demo,True,22.083975,84.544203,2026-04-23T04:21:00,MODIS,MODIS,217.214,338.734,85.1,1.305,0.884,D,industrial,529.48,0.6642,1681.06,0.021758,0.027084,0.029654,3.7e-05,0.010987,0.025239,0.693164,0.192077,0.0,built,0.693164,124,255,684,700,700,178.756,252.413,Persistent Thermal Source
demo_000402,synthetic_demo,True,30.848372,75.710239,2026-05-13T12:37:00,MODIS,VIIRS,27.248,325.267,79.46,0.703,1.475,D,forest,504.63,0.1455,1496.03,1.7e-05,0.294081,0.079164,0.004262,0.291871,0.183826,0.03141,0.115251,0.000117,trees,0.294081,1,1,3,3,3,22.394,29.934,Agricultural Fire
demo_000610,synthetic_demo,True,25.414628,87.422274,2026-06-09T12:41:00,VIIRS,VIIRS,78.051,346.936,98.96,1.652,2.07,N,none,139.54,0.5667,577.5,0.007381,0.047802,0.06212,0.177354,0.001751,0.045531,0.277624,0.353513,0.026924,bare,0.353513,57,212,281,355,355,75.245,104.473,Persistent Thermal Source
demo_000219,synthetic_demo,True,22.162093,80.171503,2026-07-08T20:26:00,MODIS,VIIRS,133.063,344.242,67.34,1.674,1.164,D,farm,3501.8,0.0448,1266.44,0.134583,0.311427,0.238513,0.031174,0.000396,0.252963,1e-06,0.030945,0.0,trees,0.311427,1,2,5,4,4,96.317,154.202,Wildfire / Natural Fire
demo_000486,synthetic_demo,True,32.876427,74.809608,2026-04-08T21:02:00,VIIRS,VIIRS,24.072,334.895,90.63,1.124,0.773,D,none,207.35,0.3243,648.71,0.008619,0.015579,0.058253,0.054111,0.580377,0.130816,0.007056,0.145189,0.0,crops,0.580377,1,1,1,1,1,18.617,24.551,Agricultural Fire
demo_000233,synthetic_demo,True,23.096431,78.896502,2026-06-28T01:24:00,VIIRS,VIIRS,49.329,341.771,82.8,1.167,1.979,D,farm,1427.45,0.0544,84.62,0.01171,0.491902,0.235043,8e-06,0.003652,0.219155,0.033884,0.004646,0.0,trees,0.491902,1,1,2,2,2,41.888,71.348,Wildfire / Natural Fire
demo_000685,synthetic_demo,True,21.732999,87.420533,2026-04-15T15:51:00,VIIRS,VIIRS,65.45,336.253,91.49,1.256,0.442,D,industrial,111.51,0.616,1995.61,0.025841,0.017729,0.017209,0.000149,0.005048,0.0768,0.644265,0.212911,4.9e-05,built,0.644265,55,255,255,255,255,64.364,80.221,Persistent Thermal Source
demo_000288,synthetic_demo,True,22.461742,76.177278,2026-02-20T22:58:00,MODIS,VIIRS,124.607,329.801,67.46,0.49,0.949,N,none,3853.16,0.0673,908.59,0.0139,0.408724,0.189738,0.064535,0.02314,0.085608,0.091226,0.062671,0.060458,trees,0.408724,1,3,5,5,5,105.185,124.607,Wildfire / Natural Fire
demo_000604,synthetic_demo,True,22.256282,87.926179,2026-05-24T05:41:00,MODIS,VIIRS,87.602,341.922,99.32,1.617,1.566,D,farm,130.61,0.8637,1107.01,0.057958,0.012488,0.041687,0.001045,0.00046,0.019424,0.512255,0.354673,1e-05,built,0.512255,61,194,431,468,468,65.752,92.683,Persistent Thermal Source
demo_000325,synthetic_demo,True,21.658425,79.616045,2026-06-13T21:46:00,VIIRS,MODIS,70.393,342.009,69.84,1.531,0.77,D,farm,1976.68,0.0051,4639.69,0.019088,0.77442,0.113387,0.038691,7e-05,0.041468,0.000119,0.012759,0.0,trees,0.77442,1,1,2,2,2,73.468,98.303,Wildfire / Natural Fire
demo_000472,synthetic_demo,True,32.541914,72.422822,2026-08-10T22:08:00,VIIRS,VIIRS,49.886,326.824,64.39,1.645,2.01,D,farm,787.49,0.259,600.17,0.031711,0.161331,0.019343,0.044235,0.453836,0.065852,0.033086,0.190607,0.0,crops,0.453836,1,1,2,2,2,45.325,49.886,Agricultural Fire
demo_000344,synthetic_demo,True,25.21999,79.106812,2026-01-14T00:00:00,MODIS,VIIRS,128.444,356.841,98.05,0.849,0.425,D,industrial,2267.78,0.0807,1742.18,0.001714,0.689897,0.096112,3.3e-05,0.005998,0.119593,0.0,0.086652,0.0,trees,0.689897,2,3,4,6,6,98.337,148.956,Wildfire / Natural Fire
demo_000605,synthetic_demo,True,21.778935,85.01265,2026-04-16T21:23:00,VIIRS,MODIS,78.71,327.151,93.9,1.345,0.385,N,warehouse,152.46,0.9369,199.51,0.017329,0.083716,0.007759,1e-06,0.049481,0.006407,0.784792,0.050515,0.0,built,0.784792,285,551,551,574,574,61.392,78.71,Persistent Thermal Source
demo_000075,synthetic_demo,True,20.304173,71.702933,2026-06-10T03:26:00,VIIRS,VIIRS,47.786,332.005,92.18,1.672,0.539,D,farm,182.75,0.8926,1235.0,0.061873,0.09658,0.103586,0.088124,0.046832,3.8e-05,0.447795,0.155172,0.0,built,0.447795,4,11,19,27,27,48.914,73.777,Industrial Fire
demo_000844,synthetic_demo,True,26.280328,68.466312,2026-03-11T12:07:00,MODIS,VIIRS,22.185,320.559,73.91,1.751,1.567,D,none,4517.76,0.0516,115.69,0.050143,0.039742,0.069144,0.079323,0.002905,0.080698,0.082043,0.596002,0.0,bare,0.596002,1,1,2,2,2,21.632,36.398,Unknown / Other
demo_000705,synthetic_demo,True,23.206295,85.805571,2026-05-28T01:50:00,MODIS,MODIS,116.31,333.727,87.13,0.625,1.46,D,forest,740.39,0.7096,383.9,0.218144,0.038136,0.061856,0.009689,0.047248,0.012359,0.47373,0.138369,0.000469,built,0.47373,87,323,450,609,609,97.152,116.31,Persistent Thermal Source
demo_000012,synthetic_demo,True,19.798941,75.688381,2026-08-04T14:23:00,MODIS,VIIRS,31.058,338.909,77.3,1.753,1.941,N,industrial,22.26,0.9642,1698.97,0.08304,0.017692,0.017865,0.0,0.016482,0.008143,0.706521,0.148243,0.002014,built,0.706521,1,5,12,9,9,22.819,31.058,Industrial Fire
demo_000787,synthetic_demo,True,22.296554,83.757277,2026-04-03T14:20:00,VIIRS,VIIRS,78.105,336.329,84.82,0.766,2.069,N,farm,204.43,0.6773,1557.56,0.033501,0.052263,0.012241,0.006708,0.000683,0.000425,0.714503,0.179675,0.0,built,0.714503,92,462,654,469,469,81.092,95.285,Persistent Thermal Source
demo_000040,synthetic_demo,True,19.961356,71.245509,2026-05-19T07:16:00,MODIS,VIIRS,53.114,335.231,87.54,0.582,1.58,N,forest,302.32,0.8409,674.09,0.10705,0.052682,0.00611,0.020183,0.000521,4.4e-05,0.735903,0.077507,0.0,built,0.735903,1,1,1,1,1,38.938,53.114,Industrial Fire
demo_000933,synthetic_demo,True,26.3889,70.860029,2026-08-18T21:47:00,VIIRS,MODIS,21.754,309.976,59.86,0.444,0.611,D,industrial,1056.83,0.1356,848.35,0.116621,0.143643,0.018001,0.016745,0.013868,0.239755,0.002876,0.448472,1.7e-05,bare,0.448472,1,3,10,7,7,19.027,23.7,Unknown / Other
demo_000516,synthetic_demo,True,30.830794,76.002612,2026-04-12T02:11:00,MODIS,VIIRS,21.684,327.59,67.08,1.199,1.637,D,warehouse,1424.84,0.1129,335.7,0.024243,0.016611,0.016492,0.131578,0.478524,0.018397,0.113623,0.200532,0.0,crops,0.478524,1,1,1,1,1,20.558,25.443,Agricultural Fire
demo_000812,synthetic_demo,True,25.162902,70.58508,2026-07-12T18:18:00,MODIS,MODIS,18.574,320.994,79.12,0.809,1.707,D,industrial,3920.34,0.2253,425.64,0.144492,0.019966,0.079549,0.077776,0.038455,0.076184,0.014832,0.548651,9.5e-05,bare,0.548651,2,2,9,7,7,15.022,21.792,Unknown / Other
demo_000633,synthetic_demo,True,19.895849,86.061766,2026-01-21T16:16:00,VIIRS,VIIRS,167.979,339.076,98.38,0.766,2.109,D,farm,68.73,0.6523,559.95,0.024458,0.080045,0.029977,0.009719,0.001545,4.3e-05,0.744516,0.109693,4e-06,built,0.744516,55,115,310,287,287,130.939,184.048,Persistent Thermal Source
demo_000212,synthetic_demo,True,22.796284,77.162033,2026-02-13T08:19:00,VIIRS,VIIRS,363.692,346.367,93.72,1.786,1.775,D,none,1188.47,0.072,1415.32,0.004724,0.445963,0.088955,0.113748,8e-06,0.330213,0.00078,0.01559,2e-05,trees,,1,2,4,4,4,359.537,467.233,Wildfire / Natural Fire
demo_000825,synthetic_demo,True,27.159136,71.201507,2026-01-18T06:55:00,MODIS,MODIS,29.917,306.295,58.06,0.556,1.829,D,forest,5735.57,0.1953,1032.5,0.001008,0.201388,0.020331,0.010479,0.044192,0.119898,0.032686,0.566126,0.00389,bare,0.566126,1,1,1,1,1,30.952,44.231,Unknown / Other
demo_000292,synthetic_demo,True,22.204069,75.380946,2026-04-10T02:16:00,MODIS,MODIS,93.289,363.703,73.73,1.623,1.174,N,industrial,1774.28,0.0642,1019.25,0.025958,0.36688,0.145554,0.012674,0.019994,0.419695,0.001366,0.007879,0.0,shrub_scrub,0.419695,1,1,1,1,1,65.562,93.289,Wildfire / Natural Fire
demo_000268,synthetic_demo,True,23.954491,77.959025,2026-05-13T07:40:00,VIIRS,MODIS,313.714,349.966,66.52,0.77,1.761,N,industrial,4072.47,0.034,791.22,0.009091,0.660369,0.196305,0.000658,0.000973,0.107398,0.003989,0.021216,0.0,trees,0.660369,1,3,9,7,7,280.705,349.958,Wildfire / Natural Fire
demo_000335,synthetic_demo,True,24.475596,78.987971,2026-03-11T20:58:00,MODIS,VIIRS,188.284,344.169,93.63,0.408,0.575,D,industrial,1599.37,0.1222,3373.03,0.00204,0.512405,0.205146,0.015261,0.00037,0.186968,0.061709,0.0161,0.0,trees,0.512405,2,4,9,9,9,136.76,200.6,Wildfire / Natural Fire
demo_000329,synthetic_demo,True,22.085135,77.428568,2026-01-03T06:20:00,VIIRS,MODIS,437.409,333.379,90.3,1.155,2.147,D,water,2383.9,0.0808,389.45,0.115896,0.415869,0.2028,0.00059,0.022541,0.240007,1e-06,0.002286,1.1e-05,trees,0.415869,1,2,5,5,5,349.832,623.745,Wildfire / Natural Fire
demo_000449,synthetic_demo,True,29.216694,77.114053,2026-06-02T17:58:00,MODIS,VIIRS,29.691,319.992,69.41,1.18,0.826,D,farm,3159.48,0.1471,1420.56,0.059882,0.040658,0.032552,0.001267,0.42833,0.062784,0.009928,0.364509,9.1e-05,crops,0.42833,1,2,4,3,3,21.674,29.691,Agricultural Fire
demo_000999,synthetic_demo,True,25.0533,69.935158,2026-03-15T16:43:00,VIIRS,VIIRS,19.159,316.199,54.79,0.612,1.15,N,industrial,6411.03,0.2038,1827.46,0.03959,0.063942,0.051113,0.001571,0.078093,0.123381,0.090748,0.551013,0.000548,bare,0.551013,3,5,8,11,11,19.869,34.6,Unknown / Other
demo_000830,synthetic_demo,True,27.049091,71.106757,2026-04-20T14:25:00,VIIRS,MODIS,16.549,303.0,43.58,1.762,2.127,D,none,2112.89,0.2409,1577.46,0.054847,0.142586,0.038761,0.064216,0.005025,0.31942,0.032846,0.342293,4e-06,bare,0.342293,1,6,6,8,8,15.732,23.881,Unknown / Other
demo_000475,synthetic_demo,True,29.626064,72.571379,2026-07-18T13:04:00,VIIRS,MODIS,22.516,324.746,63.94,1.122,1.258,D,industrial,403.56,0.1393,171.71,0.056127,0.058853,0.182068,0.024404,0.526621,0.043751,0.067542,0.040633,0.0,crops,0.526621,1,1,2,2,2,19.145,32.386,Agricultural Fire
demo_000819,synthetic_demo,True,25.954774,70.920921,2026-06-21T21:48:00,MODIS,VIIRS,37.082,317.654,81.08,1.269,1.231,D,industrial,2127.49,0.0827,848.73,0.117525,0.107448,0.009075,0.001712,0.025339,0.132229,0.127183,0.479489,0.0,bare,0.479489,1,1,1,1,1,32.394,51.135,Unknown / Other
demo_000209,synthetic_demo,True,22.80176,79.280682,2026-06-25T11:49:00,VIIRS,VIIRS,212.553,365.66,90.17,0.578,0.622,D,water,1450.57,0.128,1506.84,0.018831,0.363633,0.16703,0.04044,0.075309,0.106799,0.048386,0.17676,0.002812,trees,0.363633,1,5,6,7,7,220.989,269.742,Wildfire / Natural Fire
demo_000079,synthetic_demo,True,19.848669,73.725392,2026-07-14T03:09:00,VIIRS,MODIS,71.728,331.931,99.64,1.62,1.707,D,industrial,567.73,0.566,1368.31,0.043537,0.003963,0.018694,0.099012,0.007078,0.027539,0.759079,0.041097,0.0,built,0.759079,1,3,5,5,5,56.424,71.728,Industrial Fire
demo_000623,synthetic_demo,True,24.432318,85.204257,2026-03-08T03:43:00,MODIS,MODIS,77.545,343.748,98.84,0.592,1.509,N,farm,78.74,0.9976,420.57,0.021884,0.053889,0.12443,0.008631,0.040724,0.036955,0.569548,0.143938,0.0,built,0.569548,34,194,194,228,228,70.533,111.603,Persistent Thermal Source
demo_000191,synthetic_demo,True,18.283095,73.818705,2026-04-09T02:56:00,VIIRS,VIIRS,50.365,339.389,72.2,1.418,1.164,D,farm,130.07,0.6553,1696.94,0.015729,0.024386,0.02579,0.010113,0.005562,0.000169,0.736512,0.181738,0.0,built,0.736512,4,13,18,19,19,47.718,58.313,Industrial Fire
demo_000714,synthetic_demo,True,21.411102,85.88483,2026-08-06T02:39:00,VIIRS,MODIS,109.405,336.782,80.55,1.797,2.03,D,water,208.58,0.6101,224.1,0.062567,0.017057,0.017391,0.000968,0.003721,0.005208,0.58689,0.306198,0.0,built,0.58689,69,95,201,234,234,100.592,109.567,Persistent Thermal Source
demo_000492,synthetic_demo,True,30.395723,77.560555,2026-03-28T00:18:00,MODIS,VIIRS,69.27,351.648,95.95,1.444,1.771,D,farm,1394.8,0.2207,2428.65,0.01937,0.00964,0.075032,0.050338,0.519735,0.061476,0.120661,0.135443,0.008305,crops,0.519735,1,1,1,1,1,61.941,73.539,Agricultural Fire
demo_000618,synthetic_demo,True,22.708613,86.339136,2026-04-27T07:33:00,VIIRS,VIIRS,144.192,336.871,85.17,0.918,0.482,D,none,76.76,0.7691,973.77,0.04645,0.039325,0.003777,2e-06,0.000915,0.0,0.839642,0.069888,0.0,built,0.839642,28,52,123,143,143,128.106,230.174,Persistent Thermal Source
demo_000858,synthetic_demo,True,24.239594,68.48618,2026-07-26T19:56:00,MODIS,MODIS,10.286,302.844,73.86,1.419,0.827,D,farm,1458.45,0.0706,2595.26,0.109139,0.118681,0.014183,0.014296,0.011944,0.120147,0.016113,0.595495,0.0,bare,0.595495,4,5,18,14,14,10.09,13.683,Unknown / Other
demo_001000,synthetic_demo,True,25.266818,69.831484,2026-01-15T23:20:00,MODIS,VIIRS,19.212,317.949,84.3,0.58,2.039,D,none,1742.96,0.0357,237.0,0.082498,0.071738,0.099197,0.024257,0.00088,0.025607,0.183691,0.512111,2e-05,bare,0.512111,1,3,11,8,8,15.318,20.436,Unknown / Other
demo_000118,synthetic_demo,True,18.819666,74.421151,2026-01-28T23:15:00,MODIS,MODIS,132.979,341.547,83.46,0.906,1.405,D,farm,292.27,0.9145,1507.71,0.209301,0.101147,0.063609,0.000766,0.170105,0.000846,0.381145,0.073081,0.0,built,0.381145,2,6,12,11,11,120.981,178.357,Industrial Fire
demo_000953,synthetic_demo,True,26.720163,70.599247,2026-02-23T03:37:00,VIIRS,VIIRS,30.851,303.105,38.19,1.546,1.481,N,forest,2498.75,0.1523,803.94,0.067328,0.044335,0.171285,1.5e-05,0.056903,0.103699,0.035957,0.52047,7e-06,bare,0.52047,1,1,1,1,1,26.173,30.851,Unknown / Other
demo_000872,synthetic_demo,True,24.676563,68.052041,2026-03-15T15:13:00,MODIS,VIIRS,30.387,315.73,49.95,0.446,2.18,N,farm,1323.94,0.1697,368.72,0.247553,0.099186,0.090076,0.000769,0.007459,0.142,0.000637,0.41232,0.0,bare,0.41232,2,4,7,7,7,24.225,40.31,Unknown / Other
demo_000667,synthetic_demo,True,22.734223,87.671664,2026-03-17T22:45:00,VIIRS,VIIRS,78.195,345.274,87.92,1.343,1.464,D,industrial,65.76,0.8038,3123.23,0.023003,0.15592,0.017649,1e-06,0.000408,0.048773,0.344351,0.409895,0.0,bare,0.409895,190,330,330,462,462,61.632,106.129,Persistent Thermal Source
demo_000112,synthetic_demo,True,20.369215,75.704702,2026-01-27T18:39:00,VIIRS,MODIS,95.271,325.824,79.12,0.871,0.873,N,industrial,143.68,0.9761,310.48,0.215488,0.036783,0.079853,0.002011,0.177242,0.019146,0.381752,0.087719,6e-06,built,0.381752,1,1,2,2,2,77.493,119.776,Industrial Fire
demo_000835,synthetic_demo,True,25.957241,70.122347,2026-06-20T14:30:00,VIIRS,MODIS,31.004,312.04,38.05,1.077,1.442,D,industrial,1887.83,0.2017,968.7,0.031354,0.187246,0.012726,0.000195,0.191611,0.162422,0.121571,0.29287,4e-06,bare,0.29287,1,3,8,7,7,25.215,44.752,Unknown / Other
demo_000197,synthetic_demo,True,18.842004,71.769263,2026-08-20T03:26:00,VIIRS,VIIRS,75.21,347.982,88.55,0.542,0.44,D,forest,370.29,0.9849,1348.82,0.013681,0.079365,0.085882,0.000382,0.005002,1.5e-05,0.47919,0.335813,0.00067,built,0.47919,1,7,9,9,9,69.689,77.929,Industrial Fire
demo_000107,synthetic_demo,True,18.107547,74.527789,2026-01-06T06:06:00,MODIS,VIIRS,94.134,342.765,95.29,1.162,1.694,N,industrial,77.12,0.792,916.2,0.093,0.05671,0.117996,0.000974,0.067402,2e-06,0.615898,0.048005,1.3e-05,built,0.615898,1,4,7,8,8,98.47,151.09,Industrial Fire
demo_000166,synthetic_demo,True,17.503731,72.361604,2026-06-19T23:46:00,MODIS,VIIRS,59.176,333.816,78.3,1.151,1.172,D,forest,186.54,0.8423,1101.26,0.057954,0.091028,0.05729,6e-05,0.115377,0.000583,0.556885,0.120822,1e-06,built,,1,1,1,2,2,50.653,59.892,Industrial Fire
demo_000730,synthetic_demo,True,24.203741,83.830378,2026-08-21T05:03:00,MODIS,VIIRS,150.614,349.219,90.23,0.489,2.198,N,industrial,189.96,0.8736,1095.32,0.062151,0.10583,0.0,3.8e-05,0.013629,0.135644,0.520077,0.159942,0.002689,built,0.520077,57,145,268,219,219,150.04,165.85,Persistent Thermal Source
demo_000183,synthetic_demo,True,18.740219,73.726439,2026-02-22T09:04:00,VIIRS,MODIS,69.897,335.146,93.05,1.63,0.943,N,forest,109.42,0.8646,457.54,0.241586,0.011595,0.026863,0.013299,0.042354,9.4e-05,0.634883,0.029327,0.0,built,0.634883,1,2,4,4,4,50.743,69.897,Industrial Fire
demo_000570,synthetic_demo,True,28.667226,76.490203,2026-01-22T15:00:00,MODIS,MODIS,54.107,326.34,64.07,1.588,1.982,D,forest,494.23,0.2825,1579.97,0.040523,0.038432,0.109315,0.032106,0.359207,0.04534,0.077036,0.122257,0.175783,crops,0.359207,1,2,4,4,4,55.933,74.899,Agricultural Fire
demo_000289,synthetic_demo,True,23.20577,78.361584,2026-06-09T09:43:00,MODIS,VIIRS,432.557,365.521,85.93,1.774,1.764,D,water,3899.28,0.143,3705.36,0.071783,0.292844,0.212682,0.00238,0.13364,0.160663,0.0,0.126009,0.0,trees,0.292844,1,2,4,6,6,411.364,451.368,Wildfire / Natural Fire
demo_000973,synthetic_demo,True,26.317368,70.462499,2026-03-11T14:06:00,VIIRS,VIIRS,11.722,315.201,59.21,0.518,1.097,D,none,1844.47,0.0961,72.12,0.076112,0.122364,0.157466,0.029542,0.006974,0.129015,0.11621,0.360738,0.001579,bare,0.360738,1,2,3,5,5,11.43,20.448,Unknown / Other
demo_000864,synthetic_demo,True,25.476,75.086866,2026-06-06T19:28:00,MODIS,MODIS,28.92,320.564,53.61,1.38,0.989,D,warehouse,5490.19,0.0996,4890.53,0.183946,0.02969,0.027298,0.005962,0.03446,0.214829,0.007732,0.489112,0.006971,bare,0.489112,3,4,8,10,10,27.91,29.915,Unknown / Other
demo_000489,synthetic_demo,True,32.334474,75.215973,2026-06-19T09:21:00,VIIRS,VIIRS,37.789,342.567,68.32,1.117,1.888,N,industrial,772.9,0.1895,1281.71,0.043247,0.033955,0.051309,0.005527,0.616944,0.063348,0.049504,0.136166,2e-06,crops,0.616944,1,1,4,3,3,38.039,41.564,Agricultural Fire
demo_000891,synthetic_demo,True,25.793426,71.86624,2026-06-21T00:42:00,MODIS,VIIRS,9.656,323.112,54.58,1.697,1.64,N,industrial,5681.4,0.1884,405.05,0.033389,0.132807,0.04496,0.012162,0.088071,0.087589,0.018858,0.582163,0.0,bare,0.582163,2,2,8,6,6,8.348,9.656,Unknown / Other
demo_000302,synthetic_demo,True,21.638672,78.03287,2026-06-11T19:49:00,VIIRS,VIIRS,149.06,354.793,78.96,0.517,1.423,D,forest,1818.96,0.004,202.2,0.023724,0.577629,0.257801,0.002145,0.015777,0.11728,4.9e-05,0.002125,0.00347,trees,0.577629,1,2,4,5,5,143.521,253.352,Wildfire / Natural Fire
demo_000194,synthetic_demo,True,18.937041,72.011354,2026-05-12T18:08:00,VIIRS,VIIRS,135.42,324.786,95.93,0.584,0.413,N,forest,196.92,0.7345,1532.78,0.046513,0.054089,0.007822,7.9e-05,0.250234,0.000481,0.598424,0.025967,0.016391,built,0.598424,2,7,8,8,8,141.38,183.761,Industrial Fire
demo_000368,synthetic_demo,True,21.113559,77.409761,2026-01-06T10:00:00,MODIS,VIIRS,460.955,352.174,89.83,0.667,1.806,D,water,1369.65,0.0852,374.3,0.118701,0.398526,0.2147,0.030697,0.06893,0.11149,0.000118,0.056832,7e-06,trees,0.398526,1,3,5,4,4,469.676,746.995,Wildfire / Natural Fire
demo_000013,synthetic_demo,True,16.90107,72.999215,2026-04-12T13:04:00,MODIS,MODIS,77.148,320.651,82.37,0.676,1.69,D,farm,30.59,0.5544,2370.16,0.003593,0.001713,0.000253,0.004189,0.056277,0.002341,0.624903,0.306731,0.0,built,0.624903,3,8,13,13,13,58.939,94.335,Industrial Fire
demo_000961,synthetic_demo,True,26.074249,73.176477,2026-01-22T00:28:00,VIIRS,VIIRS,39.57,306.305,57.26,0.922,1.784,N,farm,1516.49,0.0551,774.28,0.039818,0.032778,0.039613,0.000906,0.005748,0.313136,0.019776,0.548226,0.0,bare,0.548226,4,5,17,14,14,40.802,64.199,Unknown / Other
demo_000240,synthetic_demo,True,23.334442,79.810417,2026-07-03T05:56:00,MODIS,MODIS,145.567,334.895,86.11,1.347,0.793,D,none,1698.81,0.036,941.21,0.02739,0.384325,0.307754,0.051497,0.013034,0.207156,1.2e-05,0.008833,0.0,trees,0.384325,1,1,1,1,1,120.977,201.24,Wildfire / Natural Fire
demo_000332,synthetic_demo,True,21.520916,80.460934,2026-08-01T13:35:00,MODIS,VIIRS,151.02,340.76,86.33,1.211,0.544,D,warehouse,1086.33,0.1145,736.88,0.022916,0.611024,0.108654,0.009873,0.053267,0.089609,0.05792,0.026071,0.020666,trees,0.611024,1,1,1,1,1,128.566,206.522,Wildfire / Natural Fire
demo_000459,synthetic_demo,True,29.623927,76.297042,2026-04-27T05:45:00,MODIS,VIIRS,52.669,327.409,84.43,0.381,0.765,D,water,156.13,0.2252,727.59,0.045887,0.100148,0.084303,0.009624,0.296449,0.117305,0.04577,0.300514,0.0,bare,0.300514,1,1,3,3,3,49.71,85.123,Agricultural Fire
demo_000693,synthetic_demo,True,24.359055,89.170296,2026-03-26T01:44:00,VIIRS,VIIRS,68.765,344.797,87.45,0.814,2.123,N,industrial,88.59,0.5868,438.84,0.285736,0.012453,0.007246,0.005559,0.003776,0.004955,0.561665,0.11861,0.0,built,0.561665,16,78,103,92,92,54.998,68.765,Persistent Thermal Source
demo_000228,synthetic_demo,True,23.42625,79.221429,2026-08-12T03:03:00,VIIRS,VIIRS,131.254,355.33,90.56,0.533,1.296,N,farm,1062.93,0.0442,949.82,0.020751,0.589313,0.071552,0.000178,0.042965,0.153939,0.01399,0.107177,0.000136,trees,0.589313,1,2,5,5,5,107.434,133.842,Wildfire / Natural Fire
demo_000707,synthetic_demo,True,24.34277,87.326459,2026-03-31T10:12:00,VIIRS,VIIRS,92.422,335.772,91.49,1.587,1.809,D,none,135.79,0.8989,785.56,0.02989,0.039053,0.003801,2.2e-05,0.1286,0.011017,0.6742,0.11212,0.001297,built,0.6742,295,295,481,641,641,92.558,136.831,Persistent Thermal Source
demo_000659,synthetic_demo,True,21.77535,88.766567,2026-02-07T21:41:00,MODIS,MODIS,88.789,340.427,89.26,1.2,0.471,D,warehouse,213.71,0.9091,1230.63,0.068937,0.01048,0.006952,0.000913,1e-05,0.075803,0.656976,0.17993,0.0,built,0.656976,25,64,86,112,112,74.556,123.295,Persistent Thermal Source
demo_000998,synthetic_demo,True,24.52382,69.506942,2026-01-03T02:12:00,VIIRS,MODIS,14.686,,36.9,0.709,1.557,D,none,1386.68,0.2376,379.65,0.020092,0.192361,0.054741,0.110547,0.094651,0.054741,0.058281,0.414587,0.0,bare,0.414587,1,5,5,6,6,14.557,24.724,Unknown / Other
demo_000513,synthetic_demo,True,31.198294,76.328649,2026-06-01T02:55:00,MODIS,MODIS,25.288,321.578,64.45,0.883,1.79,D,industrial,817.94,0.0825,1599.52,0.042957,0.001179,0.035489,0.037474,0.625394,0.055626,0.155513,0.046367,0.0,crops,0.625394,1,1,2,2,2,22.162,25.288,Agricultural Fire
demo_000435,synthetic_demo,True,30.779985,76.306863,2026-07-01T08:30:00,MODIS,MODIS,38.602,330.642,84.46,0.355,1.648,D,industrial,308.69,0.2563,1742.91,0.015877,0.053853,0.095128,0.019033,0.53191,0.152633,0.034351,0.097215,0.0,crops,0.53191,1,1,4,3,3,39.343,53.402,Agricultural Fire
demo_000897,synthetic_demo,True,26.977209,68.0,2026-03-10T22:30:00,VIIRS,VIIRS,11.8,314.71,35.51,0.91,2.017,N,industrial,8432.96,0.0534,649.55,0.182789,0.113429,0.029229,0.01448,0.023023,0.143088,0.035002,0.45896,0.0,bare,0.45896,3,4,6,7,7,10.662,14.895,Unknown / Other
demo_000861,synthetic_demo,True,25.154261,72.215666,2026-03-29T23:56:00,MODIS,VIIRS,15.991,313.106,51.09,0.438,0.373,D,industrial,5751.82,0.0643,1363.2,0.057081,0.103485,0.050245,0.201418,0.001219,0.089461,0.089012,0.408079,0.0,bare,0.408079,2,6,6,9,9,12.491,16.231,Unknown / Other
demo_000094,synthetic_demo,True,20.202371,75.40633,2026-02-13T04:03:00,MODIS,VIIRS,43.416,326.371,75.72,0.4,0.58,D,industrial,522.81,0.9324,320.69,0.20782,0.025939,0.011575,0.195545,0.201765,0.001413,0.27031,0.085551,8.2e-05,built,0.27031,4,18,29,26,26,31.703,55.449,Industrial Fire
demo_000917,synthetic_demo,True,26.11455,73.306836,2026-08-03T11:36:00,VIIRS,MODIS,8.586,319.291,39.43,1.591,1.305,D,industrial,1720.46,0.1004,1319.54,0.047038,0.060699,0.183891,0.002751,0.017925,0.079979,0.07216,0.529043,0.006514,bare,0.529043,2,7,19,14,14,8.816,10.938,Unknown / Other
demo_000034,synthetic_demo,True,19.930574,72.965105,2026-03-11T05:39:00,VIIRS,VIIRS,103.544,336.5,89.3,1.114,2.073,D,industrial,84.27,0.5586,576.34,0.249334,0.048978,0.039468,0.070816,0.000214,6.4e-05,0.475191,0.115935,0.0,built,0.475191,1,2,2,2,2,80.346,103.544,Industrial Fire
demo_000007,synthetic_demo,True,20.113471,72.647217,2026-02-17T12:05:00,VIIRS,VIIRS,84.84,329.887,95.43,1.412,2.014,N,none,192.76,0.9194,696.49,0.255195,0.094559,0.002909,0.006955,0.01718,0.062336,0.37526,0.185497,0.000109,built,0.37526,4,4,6,8,8,60.893,102.055,Industrial Fire
demo_000958,synthetic_demo,True,24.961247,70.153738,2026-07-13T01:36:00,VIIRS,VIIRS,9.568,308.992,67.78,0.874,0.355,N,none,1441.18,0.0801,1539.76,0.095148,0.098685,0.034226,0.000328,0.052367,0.189476,0.044862,0.484908,0.0,bare,0.484908,2,3,4,5,5,9.458,10.618,Unknown / Other
demo_000406,synthetic_demo,True,31.655651,77.11298,2026-05-16T05:05:00,VIIRS,MODIS,37.434,318.426,78.75,1.74,1.69,D,warehouse,657.14,0.3143,1089.4,0.061441,0.099709,0.046328,0.001231,0.576826,0.030767,0.040689,0.141689,0.00132,crops,0.576826,1,2,3,3,3,26.685,37.434,Agricultural Fire
demo_000941,synthetic_demo,True,28.125913,69.138229,2026-01-30T16:12:00,VIIRS,MODIS,18.865,323.977,82.16,1.094,0.596,N,none,6333.82,0.0789,674.48,0.020929,0.279827,0.142096,0.00148,0.072826,0.103265,0.021055,0.358522,0.0,bare,0.358522,1,3,5,4,4,15.089,24.033,Unknown / Other
demo_000883,synthetic_demo,True,26.945149,72.851007,2026-07-28T16:46:00,MODIS,VIIRS,12.233,311.167,73.44,1.203,0.466,D,forest,7416.38,0.0937,830.34,0.058437,0.158933,0.055773,0.002428,0.000114,0.186187,0.064856,0.473272,0.0,bare,0.473272,2,2,5,5,5,8.651,12.233,Unknown / Other
demo_000263,synthetic_demo,True,23.061239,78.23899,2026-08-03T01:19:00,MODIS,MODIS,400.833,341.213,79.03,1.042,1.189,D,industrial,3006.49,0.0028,924.25,0.000211,0.457867,0.069921,0.020505,0.014109,0.274026,0.07187,0.084277,0.007214,trees,0.457867,1,1,1,1,1,292.896,400.833,Wildfire / Natural Fire
demo_000018,synthetic_demo,True,18.257,74.624219,2026-02-15T17:08:00,MODIS,VIIRS,132.432,345.484,75.78,0.428,0.73,D,none,51.98,0.6389,666.5,0.095436,0.034754,0.093055,2.1e-05,0.006562,0.0,0.487457,0.282672,4.3e-05,built,0.487457,1,2,5,6,6,95.738,132.432,Industrial Fire
demo_000676,synthetic_demo,True,21.865173,86.322079,2026-02-02T16:52:00,VIIRS,MODIS,102.288,337.035,91.42,0.677,1.445,D,forest,304.83,0.6728,809.03,0.028329,0.018509,0.000269,0.045446,0.014058,0.06989,0.664745,0.158755,0.0,built,0.664745,267,586,586,696,696,95.895,136.09,Persistent Thermal Source
demo_000966,synthetic_demo,True,27.235001,74.731427,2026-08-03T19:17:00,MODIS,MODIS,10.342,325.208,45.4,1.312,2.044,D,farm,2275.53,0.0172,267.83,0.000593,0.069291,0.256673,1.4e-05,0.05042,0.202616,0.105077,0.315314,2e-06,bare,0.315314,2,3,7,8,8,10.048,13.725,Unknown / Other
demo_000218,synthetic_demo,True,23.557702,76.3071,2026-01-10T10:54:00,MODIS,VIIRS,71.358,342.558,91.77,1.47,1.416,D,none,1216.56,0.0244,1743.01,0.005282,0.353646,0.161463,0.111122,0.008879,0.222158,0.010363,0.127013,7.3e-05,trees,0.353646,1,2,4,3,3,63.354,93.578,Wildfire / Natural Fire
demo_000258,synthetic_demo,True,24.004202,76.838307,2026-03-25T03:40:00,MODIS,MODIS,119.438,346.77,74.46,1.668,0.521,N,none,2721.64,0.0967,1125.26,0.140695,0.433766,0.146777,0.01429,0.059474,0.194135,0.004291,0.005516,0.001057,trees,0.433766,3,6,9,9,9,118.303,207.29,Wildfire / Natural Fire
demo_000442,synthetic_demo,True,30.597185,75.954453,2026-04-08T09:20:00,VIIRS,MODIS,39.676,317.534,93.37,1.63,2.146,D,farm,1285.92,0.2489,1235.63,0.022467,0.044851,0.096388,0.000249,0.636042,0.007752,0.116118,0.076133,0.0,crops,0.636042,1,1,1,1,1,37.426,54.84,Agricultural Fire
demo_000451,synthetic_demo,True,30.546553,72.603662,2026-08-02T15:58:00,MODIS,VIIRS,34.505,323.33,81.35,0.624,1.595,D,farm,739.31,0.2101,463.91,0.019392,0.027386,0.138864,0.000506,0.629118,0.079947,0.087867,0.010504,0.006416,crops,0.629118,1,1,4,3,3,32.4,46.639,Agricultural Fire
demo_000173,synthetic_demo,True,16.936042,70.704419,2026-02-13T20:55:00,VIIRS,MODIS,61.895,334.445,78.02,0.7,1.724,D,industrial,70.37,0.5901,599.22,0.017409,0.042081,0.099634,2.3e-05,0.005445,0.02445,0.665619,0.145338,0.0,built,0.665619,5,11,23,29,29,61.028,67.392,Industrial Fire
demo_000488,synthetic_demo,True,31.01341,74.366673,2026-06-01T22:42:00,VIIRS,MODIS,40.066,332.513,62.11,1.548,0.681,D,none,176.92,0.1653,553.7,0.056079,0.194593,0.090738,0.037894,0.350807,0.18544,0.019636,0.060827,0.003986,crops,0.350807,1,1,1,1,1,30.036,44.472,Agricultural Fire
demo_000167,synthetic_demo,True,18.222995,73.586524,2026-05-19T18:49:00,VIIRS,VIIRS,42.598,335.282,71.67,0.356,2.164,D,warehouse,59.06,0.7497,777.09,0.049538,0.029089,0.075434,0.002096,0.004125,0.004482,0.815377,0.019859,0.0,built,0.815377,1,2,5,5,5,33.772,50.923,Industrial Fire
demo_000904,synthetic_demo,True,25.812593,70.237382,2026-03-05T20:26:00,VIIRS,MODIS,18.154,308.598,55.69,0.476,0.947,N,industrial,4094.5,0.1542,1881.04,0.041163,0.084118,0.007145,0.000298,0.007249,0.218586,0.035942,0.576221,0.029278,bare,0.576221,1,4,9,8,8,16.26,24.84,Unknown / Other
demo_000186,synthetic_demo,True,18.068651,73.484631,2026-05-29T06:59:00,MODIS,VIIRS,34.778,335.149,78.93,1.066,1.422,D,none,273.76,0.9203,197.27,0.133697,0.095813,0.019568,0.001234,0.007146,0.076716,0.495289,0.170529,7e-06,built,0.495289,3,22,23,24,24,25.327,36.437,Industrial Fire
demo_000720,synthetic_demo,True,21.352077,87.354821,2026-03-14T19:19:00,MODIS,MODIS,98.5,340.526,88.16,1.551,0.789,D,forest,134.86,0.618,1974.25,0.083216,0.016529,0.00048,2e-06,0.006113,0.036433,0.756148,0.101081,0.0,built,0.756148,24,82,188,185,185,89.404,137.086,Persistent Thermal Source
demo_000748,synthetic_demo,True,21.950113,84.435283,2026-06-22T17:21:00,MODIS,VIIRS,104.056,338.403,95.07,0.651,0.404,D,water,321.8,0.8594,778.16,0.010698,0.069641,0.014732,0.016274,0.063973,0.002165,0.518407,0.304109,0.0,built,0.518407,17,58,87,123,123,83.296,104.056,Persistent Thermal Source
demo_000083,synthetic_demo,True,20.94903,70.949312,2026-02-01T06:51:00,VIIRS,MODIS,142.383,345.564,92.15,1.759,1.146,N,industrial,538.8,0.593,941.83,0.088493,0.015315,0.003036,0.030595,0.109543,0.0,0.518285,0.209081,0.025651,built,0.518285,1,3,8,7,7,131.469,226.548,Industrial Fire
demo_000178,synthetic_demo,True,18.05413,71.828852,2026-02-22T18:25:00,VIIRS,VIIRS,94.721,349.929,93.59,1.598,1.354,D,none,149.14,0.932,506.35,0.018708,0.004102,8e-06,0.005225,0.019169,0.002407,0.939551,0.010831,0.0,built,0.939551,5,10,21,20,20,87.741,108.76,Industrial Fire
demo_000408,synthetic_demo,True,31.52508,75.890423,2026-07-08T01:20:00,VIIRS,MODIS,30.662,331.47,66.39,0.551,2.008,D,none,387.43,0.2767,1240.85,0.002849,0.078737,0.094855,0.010065,0.637951,0.05357,0.049169,0.071665,0.001139,crops,0.637951,1,1,2,2,2,30.75,37.976,Agricultural Fire
demo_000158,synthetic_demo,True,18.439892,75.036102,2026-07-23T07:30:00,VIIRS,VIIRS,39.668,328.446,99.6,0.519,1.517,N,industrial,145.06,0.6434,1857.1,0.232717,0.046698,0.115184,0.000696,0.031488,0.000299,0.491212,0.081706,0.0,built,0.491212,4,14,22,21,21,36.966,51.263,Industrial Fire
demo_000035,synthetic_demo,True,17.151313,74.731045,2026-06-30T18:44:00,VIIRS,MODIS,77.053,330.247,73.08,1.239,0.364,D,forest,212.05,0.694,2631.23,0.071877,0.000865,0.052065,0.007122,0.007614,0.086951,0.73558,0.037396,0.000532,built,0.73558,3,7,7,8,8,70.074,114.599,Industrial Fire
demo_000597,synthetic_demo,True,30.419563,76.360164,2026-05-26T11:24:00,MODIS,MODIS,29.973,315.72,65.02,1.742,2.106,N,water,1932.03,0.1138,784.9,0.00565,0.0287,0.038958,0.274208,0.474207,0.114758,0.009465,0.054056,0.0,crops,0.474207,1,4,4,4,4,25.645,45.885,Agricultural Fire
demo_000210,synthetic_demo,True,21.26104,78.258506,2026-01-20T23:52:00,VIIRS,VIIRS,210.827,336.317,68.34,1.596,1.056,D,forest,2820.86,0.0371,3703.61,0.106421,0.665438,0.159186,9.5e-05,0.000625,0.04998,0.003665,0.014516,7.4e-05,trees,0.665438,2,4,9,10,10,172.73,260.53,Wildfire / Natural Fire
demo_000561,synthetic_demo,True,31.923743,73.142458,2026-02-05T17:56:00,MODIS,VIIRS,46.556,320.778,68.57,0.659,1.093,N,farm,816.61,0.2021,528.25,0.007877,0.006083,0.240647,0.009092,0.451096,0.15022,0.002051,0.132933,0.0,crops,0.451096,1,1,1,1,1,39.596,53.133,Agricultural Fire
demo_000582,synthetic_demo,True,30.563518,75.820769,2026-07-14T16:25:00,MODIS,MODIS,43.158,326.041,85.71,1.273,1.639,N,farm,769.04,0.2521,1170.69,0.06428,0.068406,0.031024,0.008088,0.551581,0.048727,0.097445,0.12745,0.002999,crops,0.551581,1,1,2,2,2,33.192,43.158,Agricultural Fire
demo_000911,synthetic_demo,True,26.014473,70.232498,2026-02-23T18:34:00,VIIRS,VIIRS,7.615,320.817,45.36,1.563,0.465,D,forest,3356.9,0.0976,1576.12,0.177925,0.090196,0.011565,0.030749,0.022169,0.049681,0.043328,0.572666,0.001722,bare,0.572666,1,3,6,8,8,6.139,8.84,Unknown / Other
demo_000162,synthetic_demo,True,19.97415,70.38394,2026-05-29T09:24:00,MODIS,MODIS,66.353,333.302,73.81,0.735,1.939,N,farm,72.58,0.9872,354.41,0.060428,0.013332,0.012204,0.007171,0.066255,1e-06,0.621694,0.218915,0.0,built,0.621694,3,6,18,17,17,57.616,79.79,Industrial Fire
demo_000465,synthetic_demo,True,30.854603,76.566605,2026-04-10T23:03:00,VIIRS,MODIS,47.654,332.23,92.01,1.046,2.026,N,industrial,328.97,0.0863,2792.26,0.007021,0.088427,0.132718,0.007429,0.505045,0.069505,0.020751,0.169086,1.9e-05,crops,0.505045,1,3,4,3,3,34.083,47.654,Agricultural Fire
demo_000033,synthetic_demo,True,17.27791,72.350913,2026-07-20T11:02:00,MODIS,VIIRS,69.316,333.243,70.71,0.632,0.496,D,forest,173.54,0.7481,2738.52,0.033695,0.002723,0.068236,0.001631,0.120919,0.0,0.720462,0.052334,0.0,built,0.720462,5,15,32,25,25,50.475,90.569,Industrial Fire
demo_000088,synthetic_demo,True,19.273646,71.302342,2026-01-28T18:23:00,MODIS,VIIRS,55.992,340.244,86.47,1.464,1.763,D,warehouse,75.92,0.7208,285.71,0.049439,0.002902,0.001838,0.005563,0.019889,0.135145,0.401426,0.383798,0.0,built,0.401426,1,2,2,2,2,40.509,55.992,Industrial Fire
demo_000680,synthetic_demo,True,24.900115,86.928483,2026-05-09T05:02:00,VIIRS,VIIRS,70.544,333.893,89.03,1.695,0.954,D,farm,305.32,0.6615,782.05,0.026972,0.053563,0.087252,0.0,0.008275,0.004454,0.738192,0.081291,0.0,built,0.738192,131,221,624,546,546,49.868,76.767,Persistent Thermal Source
demo_000765,synthetic_demo,True,22.585929,85.095276,2026-01-22T03:46:00,VIIRS,VIIRS,87.914,336.47,81.26,0.665,1.229,D,farm,328.38,0.9655,718.74,0.07918,0.010778,0.025949,0.001168,0.008357,0.090111,0.760146,0.024311,0.0,built,0.760146,108,229,515,490,490,66.002,116.529,Persistent Thermal Source
demo_000692,synthetic_demo,True,23.305615,86.757858,2026-06-08T01:28:00,MODIS,MODIS,92.68,337.707,93.93,1.527,1.39,D,industrial,128.9,0.557,347.57,0.007992,0.000893,0.01306,0.000743,0.039079,0.004403,0.829515,0.104314,0.0,built,0.829515,98,98,180,202,202,78.664,92.68,Persistent Thermal Source
demo_000082,synthetic_demo,True,18.842341,74.192558,2026-01-26T12:59:00,MODIS,MODIS,56.175,324.368,87.07,0.748,1.518,N,water,182.04,0.992,778.36,0.010977,0.001835,0.019214,0.004053,0.001427,0.0,0.908842,0.05365,0.0,built,0.908842,1,1,2,2,2,48.306,56.175,Industrial Fire
demo_000321,synthetic_demo,True,22.941426,76.777184,2026-01-20T08:02:00,MODIS,VIIRS,179.778,341.283,85.46,1.538,1.493,N,farm,2691.03,0.0684,588.68,0.290914,0.301804,0.181727,0.002212,0.04407,0.158221,0.001089,0.019962,0.0,trees,0.301804,1,4,7,8,8,176.983,315.256,Wildfire / Natural Fire
demo_000771,synthetic_demo,True,22.725504,87.41929,2026-04-28T07:21:00,VIIRS,VIIRS,205.564,341.375,82.49,1.303,0.655,D,water,558.59,0.581,313.91,0.106259,0.011977,0.000302,0.000273,0.012541,2e-06,0.669621,0.199025,0.0,built,0.669621,153,153,331,362,362,205.915,242.157,Persistent Thermal Source
demo_000206,synthetic_demo,True,24.339548,76.806509,2026-05-02T19:48:00,VIIRS,MODIS,52.87,339.708,93.75,0.459,0.385,D,industrial,1052.39,0.1213,1380.03,0.007357,0.393387,0.16073,0.014798,0.025233,0.328747,0.029594,0.037981,0.002172,trees,0.393387,2,4,14,10,10,38.963,62.425,Wildfire / Natural Fire
demo_000005,synthetic_demo,True,19.967421,70.434738,2026-07-28T02:03:00,MODIS,MODIS,49.855,332.81,80.41,0.803,1.537,N,forest,162.99,0.6409,2550.93,0.01484,0.135037,0.001307,1.3e-05,0.000312,0.000642,0.796856,0.050993,0.0,built,0.796856,1,6,11,10,10,44.344,56.651,Industrial Fire
demo_000221,synthetic_demo,True,23.542884,77.981483,2026-02-25T19:22:00,VIIRS,VIIRS,162.74,349.992,92.4,1.536,1.203,N,forest,3372.33,0.0579,2766.41,0.080516,0.622515,0.109167,0.005041,0.020819,0.11728,0.022664,0.021982,1.6e-05,trees,0.622515,1,1,1,1,1,166.122,262.509,Wildfire / Natural Fire
demo_000379,synthetic_demo,True,23.682927,79.764707,2026-04-18T09:07:00,MODIS,VIIRS,58.058,355.553,91.69,0.355,1.492,D,none,3557.19,0.054,486.0,0.068729,0.321838,0.180531,0.011689,0.018415,0.310976,0.00714,0.080682,0.0,trees,0.321838,2,4,4,5,5,47.509,77.384,Wildfire / Natural Fire
demo_000608,synthetic_demo,True,23.745101,85.808843,2026-06-23T11:39:00,VIIRS,VIIRS,70.752,332.708,85.01,1.657,0.413,D,warehouse,431.89,0.924,1238.44,0.06051,0.031054,0.030919,5.3e-05,0.001818,0.034914,0.488336,0.352397,0.0,built,0.488336,56,105,205,307,307,72.624,80.612,Persistent Thermal Source
demo_000603,synthetic_demo,True,23.454746,86.141569,2026-06-22T03:49:00,MODIS,MODIS,86.588,341.326,93.99,0.864,1.838,N,farm,166.09,0.711,853.83,0.028381,0.037227,0.001472,1e-06,0.110291,7.1e-05,0.676053,0.146504,0.0,built,0.676053,18,82,86,105,105,89.666,144.315,Persistent Thermal Source
demo_000045,synthetic_demo,True,21.443157,73.576288,2026-06-12T19:59:00,VIIRS,VIIRS,85.414,343.489,93.72,1.236,1.032,D,none,320.63,0.9962,,0.017669,0.031055,0.006168,0.053628,0.000395,0.000166,0.625628,0.265291,0.0,built,0.625628,4,13,18,16,16,60.481,99.335,Industrial Fire
demo_000244,synthetic_demo,True,23.949643,79.662832,2026-05-15T09:22:00,MODIS,VIIRS,84.616,362.997,72.98,1.378,1.409,N,industrial,5307.05,0.0193,553.2,0.027882,0.47168,0.139909,0.00035,0.000484,0.256559,0.007488,0.095648,0.0,trees,0.47168,1,3,4,4,4,77.937,127.524,Wildfire / Natural Fire
demo_000553,synthetic_demo,True,31.374216,74.17438,2026-01-09T15:05:00,MODIS,MODIS,63.352,327.341,83.0,0.378,0.459,N,warehouse,868.42,0.1168,688.79,0.02123,0.108602,0.081735,0.000751,0.559112,0.032781,0.070652,0.125138,0.0,crops,0.559112,1,1,5,4,4,55.754,91.994,Agricultural Fire
demo_000304,synthetic_demo,True,23.508135,79.690674,2026-05-08T06:22:00,VIIRS,VIIRS,156.319,339.952,84.79,0.44,0.95,D,farm,2319.49,0.0178,1421.17,0.113387,0.477508,0.035983,0.054224,0.016044,0.207431,0.042455,0.035191,0.017776,trees,0.477508,1,4,5,5,5,152.563,163.893,Wildfire / Natural Fire
demo_000056,synthetic_demo,True,15.737867,73.171662,2026-01-06T13:22:00,MODIS,MODIS,104.868,343.422,71.78,0.796,1.154,N,warehouse,218.05,0.9185,363.24,0.001799,0.006507,0.04411,0.005713,0.013409,5e-06,0.66642,0.257354,0.004683,built,0.66642,2,6,16,14,14,108.114,150.384,Industrial Fire
demo_000772,synthetic_demo,True,22.477108,85.491027,2026-06-09T00:04:00,VIIRS,VIIRS,100.956,329.778,84.12,0.436,1.387,N,industrial,508.31,0.97,653.64,0.078679,0.066093,0.045772,0.001564,0.019045,0.004188,0.501002,0.28365,7e-06,built,0.501002,104,222,232,243,243,74.818,127.218,Persistent Thermal Source
demo_000927,synthetic_demo,True,25.38821,70.715157,2026-08-09T21:13:00,MODIS,VIIRS,12.02,318.305,70.19,0.474,1.212,D,farm,4774.91,0.0097,1037.51,0.088704,0.071198,0.098755,0.005756,0.005314,0.13051,0.126802,0.47284,0.000121,bare,0.47284,1,1,2,2,2,10.67,12.208,Unknown / Other
demo_000918,synthetic_demo,True,27.910284,73.471749,2026-04-11T21:54:00,MODIS,VIIRS,12.414,319.595,70.49,0.702,0.354,D,industrial,1337.38,0.1591,1964.31,0.025295,0.041032,0.032544,0.005816,2.1e-05,0.092807,0.343346,0.45914,0.0,bare,0.45914,2,6,9,10,10,12.912,20.898,Unknown / Other
demo_000357,synthetic_demo,True,25.094216,76.858902,2026-06-20T19:44:00,VIIRS,VIIRS,105.021,350.868,86.33,0.497,0.866,D,industrial,2647.19,0.0092,806.93,0.047292,0.533309,0.254908,8.8e-05,0.008207,0.139423,0.0,0.016772,0.0,trees,0.533309,2,6,15,11,11,104.302,111.343,Wildfire / Natural Fire
demo_000069,synthetic_demo,True,18.962631,73.300982,2026-01-21T15:48:00,VIIRS,MODIS,40.622,344.214,84.41,1.138,2.103,D,industrial,112.23,0.9987,2175.52,0.075591,0.070686,0.031957,0.009709,0.038035,4.8e-05,0.507546,0.266425,3e-06,built,0.507546,1,3,8,7,7,31.901,40.622,Industrial Fire
demo_000311,synthetic_demo,True,24.737269,76.716341,2026-04-08T04:02:00,VIIRS,MODIS,107.769,349.026,99.95,1.306,0.886,D,industrial,1960.58,0.1065,797.25,0.104973,0.677157,0.091515,0.014675,3e-06,0.042358,0.025334,0.043797,0.000187,trees,0.677157,2,3,8,6,6,77.566,134.395,Wildfire / Natural Fire
demo_000407,synthetic_demo,True,29.325935,77.926923,2026-06-02T16:47:00,MODIS,VIIRS,37.742,319.186,61.38,0.383,0.569,N,industrial,327.31,0.1362,591.08,0.001453,0.068018,0.167941,1e-06,0.546325,0.141649,0.014955,0.058183,0.001475,crops,0.546325,1,2,2,3,3,27.965,41.861,Agricultural Fire
demo_000064,synthetic_demo,True,18.563752,72.829814,2026-02-28T20:18:00,MODIS,VIIRS,192.477,334.989,93.62,0.887,2.0,D,farm,408.1,0.7032,542.81,0.061593,0.053842,0.021298,0.024189,0.023153,0.001487,0.535436,0.279001,0.0,built,0.535436,5,13,17,24,24,182.331,227.201,Industrial Fire
demo_000275,synthetic_demo,True,22.552803,77.814271,2026-05-29T17:49:00,MODIS,VIIRS,49.245,349.051,88.89,0.591,1.223,D,industrial,1154.15,0.0631,277.31,0.09475,0.253765,0.460302,7.4e-05,0.000158,0.175735,0.008329,0.006886,0.0,grass,0.460302,2,2,7,7,7,48.326,63.717,Wildfire / Natural Fire
demo_000767,synthetic_demo,True,22.102979,83.632936,2026-03-24T17:05:00,VIIRS,MODIS,122.628,332.005,84.7,0.702,1.761,D,farm,120.02,0.5905,1281.65,0.00307,0.008347,0.015456,0.004797,5e-06,0.000375,0.76089,0.20706,0.0,built,0.76089,61,238,548,401,401,122.736,152.836,Persistent Thermal Source
demo_000182,synthetic_demo,True,19.851796,75.18013,2026-07-23T01:34:00,MODIS,VIIRS,80.936,327.551,80.32,0.955,1.754,N,forest,417.66,0.8135,809.49,0.079899,0.066193,0.001231,0.066249,0.016589,0.081637,0.512093,0.176106,3e-06,built,0.512093,1,5,9,8,8,78.94,124.943,Industrial Fire
demo_000282,synthetic_demo,True,21.579238,81.024339,2026-04-25T16:31:00,MODIS,MODIS,219.215,337.659,76.23,1.24,1.921,D,none,3899.54,0.1254,173.93,0.012875,0.55655,0.109452,0.026207,0.000203,0.250106,0.041641,0.002955,1e-05,trees,0.55655,2,2,5,5,5,195.363,253.277,Wildfire / Natural Fire
demo_000798,synthetic_demo,True,22.45658,87.252505,2026-06-04T05:22:00,MODIS,VIIRS,92.416,340.843,86.58,1.672,0.421,N,industrial,81.98,0.6829,736.64,0.004018,0.355925,0.04753,7e-06,0.022213,0.035199,0.508603,0.023536,0.00297,built,0.508603,69,118,239,246,246,65.697,110.92,Persistent Thermal Source
demo_000523,synthetic_demo,True,31.420407,76.009556,2026-04-13T07:27:00,VIIRS,MODIS,25.94,323.198,96.44,0.937,1.846,D,farm,333.71,0.1291,1298.64,0.06186,0.032565,0.070838,0.007707,0.71141,0.050705,0.01558,0.049336,0.0,crops,0.71141,1,2,3,3,3,26.77,44.712,Agricultural Fire
demo_000277,synthetic_demo,True,21.566759,78.131264,2026-05-10T01:42:00,MODIS,VIIRS,362.498,341.446,84.7,0.711,2.059,D,none,1956.29,0.0677,538.82,0.039492,0.628901,0.114822,0.03312,0.000395,0.157546,0.018545,0.007178,0.0,trees,0.628901,1,3,11,8,8,317.55,428.653,Wildfire / Natural Fire
demo_000535,synthetic_demo,True,29.404672,73.007309,2026-06-03T23:06:00,MODIS,VIIRS,44.793,324.814,71.03,1.552,1.178,D,none,1686.89,0.2842,141.31,0.000741,0.00017,0.034356,0.00105,0.529965,0.230112,0.038227,0.16538,0.0,crops,0.529965,1,1,1,1,1,34.796,53.009,Agricultural Fire
demo_000757,synthetic_demo,True,23.747396,86.409066,2026-01-30T14:07:00,VIIRS,MODIS,93.169,342.573,98.81,0.489,1.1,N,farm,57.48,0.782,146.51,0.063612,0.186152,0.001395,0.0,3e-06,0.027005,0.570901,0.123841,0.027091,built,0.570901,31,41,103,114,114,85.409,117.448,Persistent Thermal Source
demo_000916,synthetic_demo,True,25.662422,70.819264,2026-06-06T10:12:00,MODIS,VIIRS,11.504,318.564,35.43,0.852,0.544,D,water,1251.15,0.1653,319.97,0.074426,0.185305,0.020869,0.027291,0.059852,0.04846,0.0162,0.567597,0.0,bare,0.567597,2,4,12,11,11,10.752,17.131,Unknown / Other
demo_000397,synthetic_demo,True,24.253816,77.736663,2026-06-29T12:41:00,VIIRS,VIIRS,206.117,351.475,89.12,0.948,1.83,D,forest,2194.68,0.112,1996.57,0.081875,0.470467,0.04977,0.129146,0.003926,0.180711,0.000288,0.083817,0.0,trees,0.470467,1,2,8,6,6,167.031,217.233,Wildfire / Natural Fire
demo_000477,synthetic_demo,True,29.960394,73.605361,2026-07-08T07:50:00,VIIRS,VIIRS,20.408,336.564,90.84,0.61,0.387,D,industrial,596.94,0.2652,2201.02,0.014298,0.061502,0.024148,0.003928,0.768231,0.043549,0.006708,0.069836,0.0078,crops,0.768231,1,1,2,2,2,18.706,25.989,Agricultural Fire
demo_000278,synthetic_demo,True,21.651142,80.298307,2026-04-11T05:39:00,MODIS,VIIRS,269.581,346.877,89.53,0.665,2.124,N,farm,1023.88,0.0432,581.19,0.015172,0.52736,0.160557,4.2e-05,0.000133,0.271876,0.000796,0.02281,0.001254,trees,0.52736,1,3,7,8,8,195.182,269.581,Wildfire / Natural Fire
demo_000871,synthetic_demo,True,26.916888,72.671929,2026-02-06T06:35:00,MODIS,MODIS,94.325,326.799,62.84,1.038,1.832,D,industrial,2136.78,0.0298,1284.04,0.064219,0.163683,0.185969,0.018814,0.090315,0.011014,0.02511,0.440877,0.0,bare,0.440877,1,1,1,1,1,70.178,121.058,Unknown / Other
demo_000575,synthetic_demo,True,30.752408,74.19412,2026-05-05T05:37:00,MODIS,VIIRS,78.008,331.167,97.79,0.861,1.308,D,farm,1400.22,0.1201,526.67,0.014534,0.029228,0.131393,0.009708,0.435204,0.095496,0.010742,0.273696,0.0,crops,0.435204,1,1,1,1,1,79.869,130.875,Agricultural Fire
demo_000512,synthetic_demo,True,28.444282,75.346087,2026-05-14T07:05:00,MODIS,VIIRS,14.148,332.161,89.38,0.712,1.245,D,farm,977.3,0.1621,1570.77,0.055978,0.011502,0.065937,0.000266,0.502507,0.106677,0.076987,0.180146,0.0,crops,0.502507,1,4,4,4,4,10.364,14.148,Agricultural Fire
demo_000367,synthetic_demo,True,22.277274,77.352562,2026-05-14T12:30:00,MODIS,MODIS,197.155,351.894,98.89,0.536,0.519,D,farm,4787.08,0.1061,2571.27,0.154857,0.277326,0.175932,0.008548,4.5e-05,0.241396,0.087013,0.054101,0.000782,trees,0.277326,2,8,8,9,9,155.231,270.168,Wildfire / Natural Fire
demo_000281,synthetic_demo,True,22.388143,75.949573,2026-05-18T23:14:00,VIIRS,VIIRS,313.516,340.583,84.43,0.587,0.699,D,industrial,1689.63,0.0433,142.05,0.004852,0.767722,0.12975,0.001573,0.001157,0.060258,0.005179,0.029508,0.0,trees,0.767722,1,1,1,1,1,319.285,434.932,Wildfire / Natural Fire
demo_000955,synthetic_demo,True,28.330316,70.662016,2026-03-20T04:16:00,MODIS,VIIRS,30.448,321.777,75.18,0.733,0.946,D,warehouse,3116.02,0.0778,2043.76,0.020461,0.032845,0.12492,0.069683,0.00177,0.068292,0.01295,0.669078,0.0,bare,0.669078,1,2,5,6,6,29.53,31.993,Unknown / Other
demo_000708,synthetic_demo,True,21.579891,85.674777,2026-02-06T22:14:00,VIIRS,VIIRS,68.743,336.352,89.98,0.528,1.395,D,forest,24.74,0.692,894.49,0.050002,0.035047,0.019068,0.023832,0.000655,0.037513,0.748738,0.084633,0.000513,built,0.748738,17,78,95,131,131,58.761,72.828,Persistent Thermal Source
demo_000938,synthetic_demo,True,26.715468,71.081926,2026-05-01T00:06:00,MODIS,VIIRS,28.64,304.602,80.59,1.634,1.524,D,warehouse,890.45,0.1972,763.69,0.013487,0.123515,0.07641,0.062723,0.026017,0.10082,0.164908,0.43212,0.0,bare,0.43212,1,2,2,2,2,27.64,39.268,Unknown / Other
demo_000444,synthetic_demo,True,29.716402,74.186518,2026-06-03T03:25:00,VIIRS,VIIRS,41.74,315.763,83.2,1.263,1.223,D,warehouse,732.45,0.3426,1162.97,0.134672,0.197342,0.02091,0.001742,0.379852,0.029722,0.15944,0.07632,0.0,crops,0.379852,1,1,5,4,4,30.951,45.396,Agricultural Fire
demo_000831,synthetic_demo,True,27.907794,72.137516,2026-01-30T04:05:00,MODIS,MODIS,32.317,310.425,63.72,1.455,1.197,N,industrial,2555.53,0.1733,1211.64,0.022765,0.218479,0.125326,5.8e-05,0.179889,0.21336,0.04073,0.199391,2e-06,trees,0.218479,4,5,6,9,9,31.26,40.821,Unknown / Other
demo_000293,synthetic_demo,True,22.81905,79.050668,2026-05-07T12:25:00,VIIRS,MODIS,228.16,354.563,91.37,0.864,1.164,D,water,1669.37,0.1419,1203.83,0.132822,0.367187,0.18913,0.000106,0.022027,0.2326,0.009994,0.046133,0.0,trees,0.367187,2,4,14,11,11,225.199,373.309,Wildfire / Natural Fire
demo_000599,synthetic_demo,True,32.086499,77.343895,2026-07-07T03:27:00,MODIS,VIIRS,45.816,323.509,69.96,1.631,1.742,D,water,690.74,0.2673,788.39,0.009628,0.035454,0.146922,0.006563,0.613717,0.039012,0.05325,0.095423,3e-05,crops,0.613717,1,1,1,1,1,32.722,54.789,Agricultural Fire
demo_000093,synthetic_demo,True,17.404754,73.422717,2026-03-12T09:52:00,VIIRS,MODIS,112.277,333.52,76.2,0.59,1.233,D,none,603.39,0.7383,621.48,0.217108,0.046639,0.011082,0.000554,0.098664,3.8e-05,0.590767,0.035128,2e-05,built,0.590767,3,10,15,23,23,112.377,118.491,Industrial Fire
demo_000766,synthetic_demo,True,22.612591,86.276346,2026-07-23T21:45:00,VIIRS,MODIS,99.234,343.936,97.82,1.315,2.044,N,none,109.78,0.9557,1657.59,0.02253,0.045079,0.087225,0.00097,0.012745,0.002198,0.605482,0.22377,0.0,built,0.605482,87,255,490,535,535,71.318,109.727,Persistent Thermal Source
demo_000251,synthetic_demo,True,22.039533,77.322793,2026-03-08T00:36:00,VIIRS,VIIRS,125.529,349.924,81.77,0.684,0.949,D,forest,1990.28,0.0681,1054.13,0.006274,0.321215,0.281039,0.041968,0.146252,0.16123,0.000191,0.041832,0.0,trees,0.321215,2,7,11,10,10,98.263,125.529,Wildfire / Natural Fire
demo_000348,synthetic_demo,True,24.546706,77.693234,2026-06-05T01:42:00,MODIS,MODIS,48.65,355.702,77.33,1.574,0.552,D,farm,2514.23,0.092,280.69,0.069588,0.373131,0.020832,0.005888,0.009828,0.371153,0.116716,0.032843,2.1e-05,trees,0.373131,2,4,10,7,7,47.38,59.674,Wildfire / Natural Fire
demo_000057,synthetic_demo,True,21.130283,71.879472,2026-05-17T22:08:00,VIIRS,VIIRS,67.38,325.406,79.7,1.328,1.646,N,farm,67.2,0.7218,990.85,0.008299,0.081653,0.002937,0.00013,0.017745,5e-06,0.785803,0.102749,0.000677,built,0.785803,2,17,17,18,18,63.225,92.37,Industrial Fire
demo_000027,synthetic_demo,True,21.782002,71.275653,2026-02-22T22:27:00,MODIS,VIIRS,84.885,330.5,72.71,1.402,1.401,D,industrial,371.03,0.6295,602.8,0.014652,0.061818,0.001521,0.00282,0.002023,1e-06,0.845691,0.071466,7e-06,built,0.845691,10,18,36,26,26,84.078,119.002,Industrial Fire
demo_000567,synthetic_demo,True,31.979925,72.530624,2026-08-16T15:18:00,VIIRS,VIIRS,34.454,318.392,89.7,1.493,1.03,D,warehouse,780.22,0.1692,471.79,0.039237,0.175745,0.041563,0.027668,0.42448,0.055534,0.002785,0.232989,0.0,crops,0.42448,1,1,3,4,4,33.973,52.392,Agricultural Fire
demo_000869,synthetic_demo,True,26.477336,73.872719,2026-04-07T09:21:00,MODIS,MODIS,26.326,317.595,78.01,0.553,2.148,D,farm,5678.77,0.1481,1528.2,0.096772,0.006506,0.078139,0.00377,0.001293,0.290938,0.046328,0.476255,0.0,bare,0.476255,1,1,1,1,1,26.109,30.915,Unknown / Other
demo_000280,synthetic_demo,True,23.987662,76.275103,2026-08-12T08:47:00,MODIS,VIIRS,107.769,319.863,78.5,0.585,0.986,D,industrial,949.85,0.1134,1098.45,0.003171,0.48136,0.171235,0.016517,0.003689,0.219598,0.026227,0.078203,0.0,trees,0.48136,3,6,7,8,8,83.858,115.272,Wildfire / Natural Fire
demo_000023,synthetic_demo,True,19.813723,73.596925,2026-05-28T18:36:00,MODIS,VIIRS,97.462,332.499,74.44,1.619,0.936,N,water,85.73,0.9492,123.81,0.015131,0.081743,0.061112,0.078705,0.023228,2.1e-05,0.574379,0.165683,0.0,built,0.574379,5,13,23,24,24,78.086,97.735,Industrial Fire
demo_000945,synthetic_demo,True,26.710641,71.031572,2026-08-04T04:38:00,VIIRS,VIIRS,16.364,320.131,36.87,1.232,1.835,N,industrial,2358.3,0.0547,878.59,0.092064,0.059891,0.138448,0.004468,0.331496,0.122293,0.047476,0.203863,1e-06,crops,0.331496,1,2,2,3,3,15.365,22.812,Unknown / Other
demo_000853,synthetic_demo,True,28.514501,71.711776,2026-05-10T06:53:00,VIIRS,MODIS,22.685,310.718,49.91,1.453,1.332,N,industrial,2968.24,0.1798,286.79,0.072118,0.140749,0.042438,0.003386,0.009103,0.082965,0.002424,0.645817,0.001,bare,0.645817,2,4,11,8,8,20.657,35.616,Unknown / Other
demo_000551,synthetic_demo,True,29.775271,75.641759,2026-03-10T02:22:00,MODIS,VIIRS,57.366,323.703,74.66,0.359,0.501,D,,593.67,0.2998,612.98,0.013913,0.026887,0.073815,0.023889,0.626853,0.028071,0.035283,0.171267,2.3e-05,crops,0.626853,1,2,3,4,4,55.566,83.053,Agricultural Fire
demo_000196,synthetic_demo,True,18.455018,71.938153,2026-07-19T02:08:00,VIIRS,VIIRS,65.727,326.159,81.85,1.455,0.845,D,none,206.67,0.7426,548.96,0.091316,0.024884,0.003604,0.008953,0.176821,0.038171,0.593033,0.06312,9.8e-05,built,0.593033,1,1,3,3,3,51.38,77.237,Industrial Fire
demo_000589,synthetic_demo,True,30.581466,75.91216,2026-04-22T14:30:00,MODIS,VIIRS,92.896,324.645,87.59,0.365,0.779,D,industrial,1101.3,0.3115,127.95,0.017626,0.017521,0.040032,0.000205,0.552525,0.146752,0.00471,0.220441,0.000188,crops,0.552525,1,1,1,2,2,76.923,103.277,Agricultural Fire
demo_000545,synthetic_demo,True,28.882746,77.432543,2026-01-10T11:08:00,VIIRS,VIIRS,64.743,334.47,90.66,1.361,2.175,D,industrial,797.65,0.0608,1464.12,0.042051,0.034861,0.181359,0.04705,0.382242,0.045183,0.101573,0.165682,1e-06,crops,0.382242,1,2,3,4,4,67.868,72.009,Agricultural Fire
demo_000549,synthetic_demo,True,31.069789,72.055661,2026-07-12T17:19:00,MODIS,MODIS,20.735,319.571,62.28,0.573,0.787,D,warehouse,892.46,0.0555,1066.29,0.024169,0.045451,0.148558,5.3e-05,0.460938,0.093757,0.002713,0.224362,0.0,crops,0.460938,1,1,3,3,3,15.676,25.189,Agricultural Fire
demo_000123,synthetic_demo,True,15.830392,75.424979,2026-05-15T13:39:00,VIIRS,VIIRS,101.307,337.741,70.64,1.741,0.507,D,industrial,261.83,0.577,1748.35,0.013393,0.146914,0.024226,0.008054,0.073672,3e-06,0.562169,0.171515,5.3e-05,built,0.562169,1,3,6,5,5,98.942,108.419,Industrial Fire
demo_000310,synthetic_demo,True,22.274868,77.192478,2026-04-27T10:55:00,MODIS,MODIS,297.625,346.745,76.19,1.195,1.199,N,forest,2274.4,0.0664,496.12,0.008525,0.5634,0.165147,0.018035,0.015916,0.099111,0.123598,0.006269,1e-06,trees,0.5634,2,3,3,5,5,283.305,408.633,Wildfire / Natural Fire
demo_000865,synthetic_demo,True,24.355211,69.189004,2026-04-08T09:31:00,VIIRS,MODIS,11.414,312.166,81.22,1.306,0.703,D,none,3532.31,0.1772,1583.44,0.074931,0.189004,0.044573,0.000611,0.014558,0.195728,0.01703,0.463565,0.0,bare,0.463565,3,6,15,13,13,10.655,15.215,Unknown / Other
demo_000824,synthetic_demo,True,25.127767,70.750016,2026-05-16T22:06:00,VIIRS,MODIS,30.008,310.706,59.62,0.823,1.924,N,none,3835.55,0.0665,965.63,0.02015,0.03819,0.018701,0.15926,0.023301,0.155594,0.059746,0.525057,0.0,bare,0.525057,2,7,15,13,13,28.856,38.676,Unknown / Other
demo_000857,synthetic_demo,True,25.033796,68.665238,2026-04-10T15:16:00,MODIS,MODIS,6.451,311.282,78.43,0.543,1.231,D,farm,2473.35,0.0828,2070.02,0.032968,0.118065,0.013184,0.150737,0.013479,0.073319,0.060313,0.537937,0.0,bare,0.537937,1,2,4,6,6,5.616,9.756,Unknown / Other
demo_000988,synthetic_demo,True,26.04447,71.919774,2026-03-27T02:56:00,VIIRS,MODIS,9.336,318.153,47.11,1.611,1.907,N,warehouse,1564.12,0.1788,1543.29,0.375701,0.212155,0.009347,1.9e-05,0.078219,0.097179,0.010709,0.215776,0.000896,water,0.375701,2,4,7,9,9,7.209,12.117,Unknown / Other
demo_000713,synthetic_demo,True,21.572916,85.865914,2026-07-19T15:35:00,MODIS,VIIRS,60.447,348.339,80.16,0.996,0.94,D,none,28.39,0.7088,558.42,0.0006,0.002197,0.008044,0.00145,0.0,0.035006,0.828558,0.11831,0.005836,built,0.828558,110,384,612,719,719,48.179,81.116,Persistent Thermal Source
demo_000706,synthetic_demo,True,21.277629,84.812407,2026-01-07T10:02:00,VIIRS,MODIS,98.972,342.31,88.24,1.532,0.45,D,warehouse,84.22,0.7321,1806.4,0.044025,0.116854,1.3e-05,0.013362,0.032091,0.008285,0.671522,0.113405,0.000443,built,0.671522,77,316,512,590,590,81.665,116.972,Persistent Thermal Source
demo_000648,synthetic_demo,True,23.011319,85.296462,2026-01-11T03:18:00,MODIS,MODIS,90.992,337.131,99.38,1.142,2.189,D,industrial,68.12,0.8897,692.49,0.039153,0.092971,0.052412,0.083515,0.006735,0.002928,0.586409,0.130011,0.005865,built,0.586409,81,244,552,460,460,64.51,99.709,Persistent Thermal Source
demo_000781,synthetic_demo,True,22.135347,84.280968,2026-01-25T07:42:00,MODIS,VIIRS,75.395,340.712,83.84,1.438,1.919,D,forest,94.77,0.644,434.29,0.040592,0.090969,0.054804,1e-05,0.043908,0.001124,0.589103,0.149355,0.030134,built,0.589103,141,216,329,433,433,61.236,76.834,Persistent Thermal Source
demo_000542,synthetic_demo,True,32.952445,76.036929,2026-01-01T06:24:00,VIIRS,VIIRS,58.308,329.682,96.9,0.689,1.004,D,warehouse,938.69,0.2606,955.65,0.009588,0.046794,0.017261,0.006299,0.614516,0.064388,0.008209,0.232946,0.0,crops,0.614516,1,1,1,1,1,60.62,90.363,Agricultural Fire
demo_000490,synthetic_demo,True,30.245954,77.661192,2026-08-01T12:35:00,MODIS,VIIRS,55.713,313.883,97.63,1.151,1.721,D,none,1326.03,0.2135,390.87,0.082149,0.0534,0.170737,0.205426,0.286467,0.140706,0.02633,0.031388,0.003397,crops,0.286467,1,1,1,1,1,49.486,74.315,Agricultural Fire
demo_000934,synthetic_demo,True,25.608961,72.795961,2026-07-17T10:41:00,VIIRS,VIIRS,31.577,303.268,64.11,0.709,0.848,D,farm,2907.79,0.2099,2691.59,0.027779,0.104054,0.062105,0.019117,0.12076,0.205618,0.048551,0.397667,0.014349,bare,0.397667,1,1,2,2,2,27.222,31.577,Unknown / Other
demo_000508,synthetic_demo,True,31.410931,77.088794,2026-06-16T08:41:00,VIIRS,VIIRS,44.251,332.667,73.47,0.508,1.589,D,water,964.81,0.1071,15.43,0.135127,0.024516,0.183598,0.01159,0.436665,0.094062,0.001956,0.10779,0.004696,crops,0.436665,1,2,3,4,4,36.056,44.251,Agricultural Fire
demo_000954,synthetic_demo,True,28.352229,71.8692,2026-07-13T14:08:00,MODIS,MODIS,15.115,309.495,69.55,1.218,1.166,N,none,4112.69,0.0504,415.4,0.010046,0.10994,0.140228,0.018244,0.03859,0.096353,0.014754,0.571844,0.0,bare,0.571844,1,1,1,2,2,14.813,23.195,Unknown / Other
demo_000103,synthetic_demo,True,20.386965,72.176348,2026-08-16T12:10:00,MODIS,MODIS,51.033,336.487,80.51,0.99,1.598,D,forest,10.6,0.7229,888.57,0.029376,0.085707,0.083892,0.058738,0.010786,0.010898,0.529744,0.19086,0.0,built,0.529744,5,5,11,11,11,37.348,51.033,Industrial Fire
demo_000262,synthetic_demo,True,20.960256,75.913973,2026-05-22T12:15:00,MODIS,MODIS,158.421,332.042,82.66,1.597,1.532,N,industrial,1941.5,0.1152,913.29,0.069747,0.4699,0.096166,0.047349,0.006308,0.138306,0.020547,0.151625,5.1e-05,trees,0.4699,3,5,5,8,8,133.465,229.765,Wildfire / Natural Fire
demo_000994,synthetic_demo,True,25.948193,70.917986,2026-03-30T09:09:00,MODIS,MODIS,24.513,307.223,38.25,0.467,1.457,D,none,6883.93,0.0709,499.23,0.010506,0.117915,0.150674,0.009642,0.001547,0.185793,0.150042,0.373876,3e-06,bare,0.373876,3,7,12,13,13,23.212,27.218,Unknown / Other
demo_000817,synthetic_demo,True,26.09258,72.869812,2026-04-01T04:14:00,VIIRS,VIIRS,42.479,319.91,70.37,1.531,1.629,D,industrial,9226.19,0.0477,1100.55,0.037452,0.074666,0.050913,0.007772,0.074716,0.134465,0.013447,0.606451,0.000119,bare,0.606451,2,5,13,14,14,41.705,72.307,Unknown / Other
demo_000731,synthetic_demo,True,22.349778,87.573497,2026-05-26T07:53:00,MODIS,VIIRS,156.117,336.447,91.1,1.297,0.382,D,forest,563.36,0.7409,292.99,0.011721,0.000302,8.3e-05,0.046882,0.037699,0.000142,0.644065,0.259106,0.0,built,0.644065,20,48,104,115,115,126.0,157.424,Persistent Thermal Source
demo_000224,synthetic_demo,True,23.165835,78.574651,2026-01-26T15:56:00,MODIS,VIIRS,117.029,341.261,88.62,0.976,2.039,D,industrial,1277.55,0.0568,1467.73,0.032216,0.543857,0.071207,0.00052,0.00096,0.330119,0.00866,0.012462,0.0,trees,0.543857,2,3,4,4,4,114.291,123.568,Wildfire / Natural Fire
demo_000887,synthetic_demo,True,26.872849,71.648723,2026-04-22T23:22:00,VIIRS,MODIS,8.409,323.458,60.91,1.479,1.556,D,water,885.08,0.125,393.35,0.000772,0.219059,0.025585,0.101219,0.014852,0.044201,0.047822,0.546489,0.0,bare,0.546489,1,1,1,1,1,7.142,11.39,Unknown / Other
demo_000387,synthetic_demo,True,21.914836,79.45977,2026-01-01T17:20:00,MODIS,MODIS,77.876,345.037,82.0,0.759,1.958,D,warehouse,2184.29,0.0892,207.32,0.103016,0.173283,0.376129,0.00966,0.012777,0.310343,0.000122,0.014645,2.6e-05,grass,0.376129,3,4,12,10,10,76.406,82.138,Wildfire / Natural Fire
demo_000246,synthetic_demo,True,22.878228,78.721676,2026-05-16T05:14:00,MODIS,VIIRS,173.193,355.765,94.4,1.581,1.829,D,forest,2285.13,0.0346,372.48,0.074949,0.400549,0.204084,0.000833,0.034468,0.227148,0.001413,0.056556,0.0,trees,0.400549,1,1,1,1,1,128.974,229.253,Wildfire / Natural Fire
demo_000356,synthetic_demo,True,23.777253,76.524377,2026-08-18T20:58:00,VIIRS,VIIRS,129.381,355.172,66.16,1.684,0.84,N,warehouse,2170.16,0.0154,326.9,0.082794,0.470278,0.147582,0.032493,0.074392,0.141528,0.009487,0.041445,0.0,trees,0.470278,1,3,10,8,8,117.902,193.85,Wildfire / Natural Fire
demo_000880,synthetic_demo,True,27.498461,72.490624,2026-02-22T08:27:00,MODIS,VIIRS,20.83,321.126,56.06,1.027,0.385,N,water,3757.18,0.1639,1378.29,0.043227,0.11596,0.115073,0.024317,0.014661,0.204653,0.010758,0.471351,0.0,bare,0.471351,2,7,17,12,12,15.403,20.83,Unknown / Other
demo_000695,synthetic_demo,True,21.200627,86.982821,2026-08-22T03:02:00,MODIS,VIIRS,104.614,336.793,82.8,1.058,1.473,D,water,121.41,0.89,1164.88,0.017546,0.013045,0.105175,1e-06,1.8e-05,0.030608,0.585922,0.247685,0.0,built,0.585922,81,229,271,323,323,89.079,104.614,Persistent Thermal Source
demo_000467,synthetic_demo,True,28.919327,76.058904,2026-01-16T14:39:00,MODIS,MODIS,29.882,328.381,93.75,0.556,1.322,D,water,1166.13,0.1933,2734.7,0.059158,0.141904,0.183879,0.002137,0.40368,0.013798,0.157556,0.037889,0.0,crops,0.40368,1,2,2,3,3,25.092,32.771,Agricultural Fire
demo_000866,synthetic_demo,True,26.175247,68.73141,2026-02-24T09:15:00,VIIRS,VIIRS,17.475,309.845,61.0,0.858,1.179,D,industrial,2236.58,0.2373,184.47,0.091652,0.029107,0.011067,0.009681,0.086395,0.084808,0.107112,0.580178,0.0,bare,0.580178,1,4,11,9,9,14.894,26.032,Unknown / Other
demo_000105,synthetic_demo,True,19.247743,70.542168,2026-03-26T04:16:00,VIIRS,MODIS,60.329,334.624,96.17,1.367,2.151,D,industrial,181.37,0.6682,62.27,0.034284,0.028459,0.160555,0.027059,2.4e-05,0.054137,0.36604,0.3294,4.2e-05,built,0.36604,1,6,9,10,10,57.756,68.287,Industrial Fire
demo_000777,synthetic_demo,True,23.381948,86.809264,2026-05-15T17:33:00,VIIRS,VIIRS,88.658,340.839,82.42,1.621,1.783,D,farm,177.87,0.8464,703.99,0.009838,0.064605,0.039456,0.080634,0.002588,1e-06,0.616284,0.186595,0.0,built,0.616284,91,176,215,285,285,82.884,123.186,Persistent Thermal Source
demo_000347,synthetic_demo,True,22.379527,79.171512,2026-06-23T10:43:00,VIIRS,MODIS,77.506,345.993,87.48,0.52,1.858,D,water,1713.9,0.139,938.12,0.058299,0.200475,0.142503,0.001948,0.200562,0.347146,0.001102,0.047045,0.00092,shrub_scrub,0.347146,1,3,5,7,7,80.712,104.074,Wildfire / Natural Fire
demo_000759,synthetic_demo,True,20.292885,85.466298,2026-08-06T00:21:00,MODIS,MODIS,126.911,339.868,94.28,1.567,0.926,N,farm,262.38,0.8814,96.24,0.017812,0.267473,3.9e-05,0.001278,0.094342,0.000157,0.458294,0.160605,0.0,built,0.458294,25,95,177,188,188,101.572,179.469,Persistent Thermal Source
demo_000460,synthetic_demo,True,30.680622,75.325612,2026-02-03T07:19:00,VIIRS,MODIS,32.957,328.035,84.83,0.722,2.168,D,farm,564.63,0.2683,958.93,0.050587,0.040596,0.06221,0.015539,0.590533,0.188949,0.024854,0.026626,0.000107,crops,0.590533,1,1,1,1,1,33.412,41.153,Agricultural Fire
demo_000974,synthetic_demo,True,26.164895,70.023485,2026-07-18T22:03:00,VIIRS,VIIRS,19.317,316.955,35.51,1.403,0.698,N,industrial,2086.5,0.1472,653.23,0.049833,0.11542,0.163476,8e-06,0.013937,0.037025,0.005011,0.615185,0.000104,bare,0.615185,5,5,12,12,12,13.563,19.317,Unknown / Other
demo_000360,synthetic_demo,True,24.359662,74.702687,2026-01-21T15:00:00,VIIRS,MODIS,133.0,330.634,98.44,0.866,0.446,D,forest,1651.09,0.1208,2119.71,0.021371,0.317779,0.264937,0.031105,0.014809,0.320421,8e-06,0.02957,0.0,shrub_scrub,0.320421,2,2,4,4,4,135.196,216.584,Wildfire / Natural Fire
demo_000670,synthetic_demo,True,22.936608,87.105374,2026-01-08T18:28:00,VIIRS,MODIS,108.822,334.745,87.63,1.238,0.734,D,farm,168.18,0.8832,1164.48,0.01754,0.028557,0.000859,0.0,0.021556,5e-06,0.70888,0.222602,0.0,built,0.70888,113,144,469,410,410,81.523,108.822,Persistent Thermal Source
demo_000483,synthetic_demo,True,29.628755,75.669178,2026-05-29T13:26:00,MODIS,MODIS,25.142,340.874,75.04,1.722,1.825,D,farm,1038.45,0.2813,767.33,0.04045,0.058662,0.010104,0.209218,0.524823,0.009662,0.036758,0.110324,0.0,crops,0.524823,1,1,1,2,2,25.091,26.456,Agricultural Fire
demo_000084,synthetic_demo,True,19.654956,72.759655,2026-01-03T03:57:00,MODIS,MODIS,84.437,332.485,74.56,1.068,1.174,D,water,219.55,0.6106,174.51,0.044669,0.107257,0.00569,0.00012,0.004585,0.026512,0.643983,0.161033,0.006151,built,0.643983,8,18,31,26,26,83.802,120.086,Industrial Fire
demo_000613,synthetic_demo,True,21.354982,85.91531,2026-01-05T02:02:00,MODIS,VIIRS,93.184,340.062,88.78,0.397,0.586,N,industrial,100.03,0.8006,1033.64,0.038804,0.039724,0.036343,0.143462,0.000132,0.000107,0.572643,0.165279,0.003505,built,0.572643,106,134,380,331,331,93.258,101.921,Persistent Thermal Source
demo_000030,synthetic_demo,True,18.743032,71.900211,2026-07-15T17:22:00,VIIRS,VIIRS,50.406,336.889,89.51,1.274,1.299,D,farm,228.16,0.6523,361.4,0.04092,0.125015,0.109434,0.070233,0.020526,0.005093,0.573212,0.055567,0.0,built,0.573212,10,22,36,28,28,39.371,59.075,Industrial Fire
demo_000901,synthetic_demo,True,25.831439,69.996985,2026-06-23T08:42:00,VIIRS,VIIRS,6.027,313.336,66.09,0.906,0.4,D,forest,7675.84,0.0531,1088.09,0.027027,0.009738,0.064146,0.028976,0.134571,0.202323,0.01592,0.517298,0.0,bare,0.517298,3,4,9,8,8,4.634,6.027,Unknown / Other
demo_000797,synthetic_demo,True,22.452795,88.380323,2026-07-13T23:00:00,VIIRS,VIIRS,136.979,333.86,92.32,1.271,1.615,D,farm,341.67,0.8932,803.17,0.08331,0.087887,0.036966,0.01014,1.3e-05,0.008011,0.489175,0.265854,0.018644,built,0.489175,83,137,200,232,232,143.388,220.876,Persistent Thermal Source
demo_000164,synthetic_demo,True,18.59663,72.510504,2026-04-29T13:16:00,VIIRS,MODIS,80.233,336.766,98.12,1.672,1.99,D,water,296.27,0.7222,340.03,0.110645,0.035761,0.032966,0.0,0.000661,0.00031,0.650747,0.16891,0.0,built,0.650747,7,15,18,19,19,63.122,98.794,Industrial Fire
demo_000635,synthetic_demo,True,23.058314,85.829952,2026-08-10T20:27:00,VIIRS,VIIRS,112.804,338.871,98.21,1.353,1.767,D,farm,357.64,0.8579,986.13,0.045833,0.003885,0.09335,4.6e-05,0.006798,0.001345,0.759954,0.08879,0.0,built,0.759954,120,476,597,662,662,101.906,171.558,Persistent Thermal Source
demo_000002,synthetic_demo,True,19.185718,75.243186,2026-05-15T09:25:00,MODIS,VIIRS,117.751,339.84,92.57,0.406,1.16,D,water,756.37,0.595,513.5,0.106506,0.01059,0.020791,0.004486,0.030773,0.000141,0.728694,0.09801,1e-05,built,0.728694,4,7,22,19,19,101.676,117.751,Industrial Fire
demo_000855,synthetic_demo,True,26.401892,69.258973,2026-02-06T19:37:00,MODIS,MODIS,10.67,310.644,68.78,0.552,0.432,D,farm,5007.95,0.056,641.22,0.009398,0.096152,0.126637,0.131537,0.078626,0.134474,0.080326,0.34285,0.0,bare,0.34285,1,3,7,8,8,7.768,10.67,Unknown / Other
demo_000042,synthetic_demo,True,17.832134,72.151773,2026-03-19T17:42:00,MODIS,MODIS,116.069,332.478,91.07,1.118,1.401,N,forest,165.61,0.9081,1727.26,0.091646,0.024559,0.011187,0.00681,0.11869,0.005276,0.600612,0.14122,0.0,built,0.600612,1,3,5,5,5,97.815,129.509,Industrial Fire
demo_000504,synthetic_demo,True,30.553809,74.858447,2026-03-06T18:29:00,MODIS,MODIS,20.73,319.32,90.25,1.054,1.159,D,water,848.19,0.0811,1254.65,0.107629,0.001724,0.144971,0.014154,0.530143,0.093795,0.084274,0.023311,0.0,crops,0.530143,1,2,3,3,3,19.739,23.007,Agricultural Fire
demo_000308,synthetic_demo,True,23.844738,78.790134,2026-01-31T18:32:00,MODIS,VIIRS,266.485,347.797,95.27,0.443,0.91,N,farm,3314.27,0.0042,1539.42,0.011383,0.673279,0.117564,0.013669,0.004807,0.151793,0.002049,0.025455,0.0,trees,0.673279,1,2,5,4,4,248.577,364.943,Wildfire / Natural Fire
demo_000820,synthetic_demo,True,25.252094,70.46849,2026-08-07T20:49:00,VIIRS,MODIS,76.504,316.118,70.15,0.624,1.547,D,,6525.51,0.1062,41.0,0.07781,0.120682,0.03464,0.003078,0.181541,0.029211,0.124707,0.427549,0.000781,bare,0.427549,1,1,2,2,2,62.881,89.734,Unknown / Other
demo_000656,synthetic_demo,True,24.238792,85.528939,2026-01-31T02:49:00,VIIRS,VIIRS,89.071,347.103,84.11,1.733,1.599,N,water,108.24,0.9836,1290.21,0.094525,0.033874,0.054927,0.072861,0.000569,0.01913,0.512232,0.21087,0.001014,built,0.512232,22,68,144,152,152,77.481,107.788,Persistent Thermal Source
demo_000588,synthetic_demo,True,31.980145,73.832897,2026-01-25T17:09:00,VIIRS,VIIRS,31.663,330.243,90.42,1.503,1.83,D,industrial,914.88,0.2786,915.97,0.011043,0.121609,0.019555,0.012203,0.620888,0.04381,0.075737,0.095154,0.0,crops,0.620888,1,1,2,3,3,29.695,32.883,Agricultural Fire
demo_000928,synthetic_demo,True,25.14875,72.884471,2026-02-01T18:05:00,MODIS,MODIS,57.632,310.664,67.26,1.08,1.871,N,none,2287.16,0.1181,818.45,0.115039,0.054015,0.021146,6.4e-05,7.6e-05,0.394127,0.158153,0.25738,0.0,shrub_scrub,0.394127,1,6,6,8,8,48.251,71.352,Unknown / Other
demo_000134,synthetic_demo,True,18.152392,73.444416,2026-08-21T13:01:00,MODIS,VIIRS,57.086,333.826,91.62,1.703,1.198,D,farm,146.01,0.8304,428.31,0.059277,0.019401,0.187348,0.009844,0.063388,0.039898,0.56309,0.020487,0.037266,built,0.56309,3,7,8,12,12,54.404,85.66,Industrial Fire
demo_000153,synthetic_demo,True,17.658896,74.267422,2026-08-18T09:46:00,VIIRS,VIIRS,123.556,324.987,80.9,1.61,1.737,D,water,229.3,0.8604,1172.09,0.097613,0.074615,0.006474,0.000407,2e-05,0.009348,0.615691,0.194691,0.001141,built,0.615691,6,7,21,18,18,104.679,128.055,Industrial Fire
demo_000441,synthetic_demo,True,30.940376,76.215461,2026-06-28T08:48:00,MODIS,VIIRS,34.759,327.353,86.79,1.008,0.645,D,industrial,809.69,0.2194,852.74,0.000164,0.033661,0.009341,0.006303,0.74171,0.002381,0.121592,0.084847,0.0,crops,0.74171,1,2,4,4,4,25.835,43.922,Agricultural Fire
demo_000155,synthetic_demo,True,18.656571,72.110963,2026-06-07T18:43:00,MODIS,VIIRS,99.386,343.39,77.88,0.701,2.107,N,industrial,167.38,0.5727,1050.56,0.157064,0.109785,0.005113,0.003444,2e-06,0.002241,0.681397,0.040953,0.0,built,0.681397,1,1,2,2,2,86.252,135.325,Industrial Fire
demo_000739,synthetic_demo,True,21.933656,84.731425,2026-02-11T06:43:00,VIIRS,VIIRS,76.396,339.953,85.84,1.759,1.877,D,none,212.44,0.9826,72.83,0.011996,0.01039,0.118766,0.0,0.001599,0.002432,0.703678,0.151036,0.000104,built,0.703678,55,150,584,417,417,75.051,92.718,Persistent Thermal Source
demo_000077,synthetic_demo,True,20.656865,70.619523,2026-02-08T11:26:00,VIIRS,VIIRS,39.004,323.094,83.54,1.625,0.35,D,water,572.99,0.7248,1342.73,0.053622,0.005657,0.018438,0.000363,0.058481,0.047498,0.308666,0.507275,0.0,bare,0.507275,4,9,37,26,26,34.753,48.916,Industrial Fire
demo_000627,synthetic_demo,True,23.158875,86.211703,2026-06-18T03:31:00,VIIRS,VIIRS,137.403,335.058,89.04,1.065,1.281,D,industrial,20.18,0.7476,823.63,0.022022,0.005251,0.095216,1.2e-05,0.106026,0.009305,0.585415,0.176753,0.0,built,0.585415,86,134,296,241,241,129.092,163.144,Persistent Thermal Source
demo_000529,synthetic_demo,True,30.798902,74.633229,2026-02-19T20:15:00,MODIS,VIIRS,33.829,333.795,81.71,0.98,0.388,D,none,630.72,0.1937,1641.11,0.005613,0.013661,0.042545,0.068974,0.260655,0.138309,0.010854,0.357452,0.101937,bare,0.357452,1,1,2,3,3,32.619,53.284,Agricultural Fire
demo_000976,synthetic_demo,True,25.686281,71.944245,2026-07-03T22:17:00,MODIS,MODIS,28.663,328.405,44.06,1.314,1.612,D,farm,5359.38,0.0855,595.93,0.024901,0.28997,0.043109,0.0046,0.00711,0.285597,0.02647,0.287729,0.030515,trees,0.28997,1,9,9,10,10,24.851,28.663,Unknown / Other
demo_000384,synthetic_demo,True,25.322188,77.36206,2026-07-26T14:37:00,VIIRS,MODIS,87.352,341.354,68.16,0.912,0.998,D,water,3434.33,0.126,1000.59,0.123122,0.522772,0.090145,0.000568,3e-06,0.130358,0.045597,0.087435,0.0,trees,0.522772,1,1,1,1,1,88.076,94.003,Wildfire / Natural Fire
demo_000078,synthetic_demo,True,21.005234,71.442313,2026-07-11T03:28:00,VIIRS,VIIRS,61.696,340.644,71.42,0.735,0.943,N,water,153.58,0.7531,727.18,0.137691,0.044811,0.014415,0.025511,7e-06,0.0,0.586517,0.191047,0.0,built,0.586517,4,5,10,14,14,54.936,67.143,Industrial Fire
demo_000884,synthetic_demo,True,26.967814,72.011203,2026-02-21T20:14:00,VIIRS,MODIS,32.079,303.07,61.19,0.432,1.603,D,forest,2017.72,0.1425,4377.24,0.112386,0.34283,0.062688,0.006445,0.035637,0.075672,0.009155,0.354962,0.000224,bare,0.354962,1,3,5,7,7,32.417,45.443,Unknown / Other
demo_000679,synthetic_demo,True,22.758256,85.026403,2026-02-19T13:55:00,MODIS,MODIS,91.372,331.8,81.88,1.072,0.437,N,forest,238.49,0.7449,1331.04,0.075947,0.047902,0.010142,0.013127,0.002499,0.059752,0.537262,0.252941,0.000429,built,0.537262,173,223,594,662,662,77.475,97.047,Persistent Thermal Source
demo_000336,synthetic_demo,True,22.325634,74.916425,2026-03-16T20:01:00,VIIRS,MODIS,169.877,353.487,89.64,0.805,0.642,D,water,3467.02,0.1058,1953.04,0.002032,0.690907,0.009246,0.00021,0.019843,0.219484,0.018911,0.035789,0.003577,trees,0.690907,1,3,5,6,6,125.211,203.141,Wildfire / Natural Fire
demo_000501,synthetic_demo,True,31.921926,75.921041,2026-04-29T14:13:00,VIIRS,VIIRS,52.921,325.153,73.36,0.578,1.35,D,industrial,508.55,0.2926,429.3,0.116063,0.018798,0.07587,0.058394,0.36765,0.164786,0.096733,0.101706,0.0,crops,0.36765,1,3,5,4,4,38.236,52.921,Agricultural Fire
demo_000572,synthetic_demo,True,31.376689,72.71578,2026-08-07T22:39:00,MODIS,MODIS,30.153,329.327,60.63,0.844,1.547,D,warehouse,354.82,0.3117,1374.35,0.022932,0.247095,0.045899,0.011546,0.509301,0.073183,0.001301,0.088736,9e-06,crops,0.509301,1,2,3,4,4,21.6,30.153,Agricultural Fire
demo_000091,synthetic_demo,True,20.410486,75.221307,2026-02-27T20:53:00,VIIRS,MODIS,56.403,329.836,75.57,0.82,0.537,N,farm,291.88,0.5651,1353.24,0.014747,0.046167,2.8e-05,0.0,0.058912,6.6e-05,0.615554,0.264526,0.0,built,0.615554,3,10,22,18,18,46.533,56.403,Industrial Fire
demo_000423,synthetic_demo,True,31.67417,77.313631,2026-05-29T08:12:00,VIIRS,VIIRS,19.979,321.827,73.47,1.65,1.947,N,forest,375.34,0.2922,89.61,0.003958,0.044565,0.183486,0.003305,0.518161,0.010238,0.032914,0.202541,0.00083,crops,0.518161,1,3,5,4,4,20.411,35.049,Agricultural Fire
demo_000417,synthetic_demo,True,33.32829,75.597608,2026-01-08T04:38:00,MODIS,MODIS,13.185,312.213,60.54,0.729,0.524,D,farm,752.78,0.3193,2383.26,0.046828,0.133732,0.203774,0.015172,0.447448,0.034947,0.077748,0.034418,0.005931,crops,0.447448,1,1,1,1,1,13.636,14.366,Agricultural Fire
demo_000323,synthetic_demo,True,22.895832,78.538081,2026-07-16T01:44:00,MODIS,VIIRS,209.848,338.518,78.26,0.878,1.362,D,forest,6149.72,0.026,708.61,0.115595,0.411173,0.241421,9e-06,0.002384,0.215783,0.000234,0.013285,0.000116,trees,0.411173,1,7,8,9,9,159.098,209.848,Wildfire / Natural Fire
demo_000349,synthetic_demo,True,22.837291,78.447615,2026-04-25T09:50:00,MODIS,VIIRS,256.168,341.495,74.48,0.414,0.53,D,farm,792.09,0.0549,961.05,0.059273,0.298654,0.200294,0.061321,0.004987,0.333895,0.002282,0.039291,4e-06,shrub_scrub,0.333895,2,7,9,11,11,187.301,256.168,Wildfire / Natural Fire
demo_000150,synthetic_demo,True,20.070807,72.268465,2026-03-23T18:31:00,MODIS,VIIRS,123.612,334.991,73.24,1.382,1.452,D,industrial,364.34,0.9535,314.9,0.088889,0.042499,0.05016,0.047901,0.107888,0.000126,0.566253,0.096284,0.0,built,0.566253,2,11,11,14,14,88.098,155.192,Industrial Fire
demo_000271,synthetic_demo,True,21.356123,78.334139,2026-07-31T02:39:00,MODIS,MODIS,298.249,335.254,75.08,0.968,0.713,D,industrial,1694.85,0.043,1050.92,0.043077,0.682498,0.049225,0.04298,0.002788,0.173815,2.2e-05,0.005595,0.0,trees,0.682498,1,1,2,3,3,276.817,451.611,Wildfire / Natural Fire
demo_000346,synthetic_demo,True,22.649647,78.819692,2026-04-07T09:36:00,VIIRS,VIIRS,130.356,354.302,73.42,1.309,0.873,D,none,541.44,0.0383,272.89,0.049777,0.605497,0.019749,0.100165,0.062865,0.134837,0.005866,0.021245,0.0,trees,0.605497,3,5,5,7,7,101.485,130.356,Wildfire / Natural Fire
demo_000881,synthetic_demo,True,26.768597,68.0,2026-04-21T19:26:00,VIIRS,VIIRS,33.291,308.84,43.12,0.54,0.701,D,industrial,2596.4,0.0322,446.07,0.067626,0.094756,0.237888,0.003051,0.119849,0.15853,0.025405,0.292894,0.0,bare,0.292894,1,4,13,10,10,27.08,42.302,Unknown / Other
demo_000456,synthetic_demo,True,29.81169,76.629405,2026-07-05T02:31:00,VIIRS,VIIRS,69.874,314.849,76.63,1.182,1.544,D,forest,788.43,0.1932,1185.87,0.010213,0.097784,0.064044,0.001051,0.619443,0.0452,0.006942,0.155323,0.0,crops,0.619443,1,1,2,2,2,61.913,107.822,Agricultural Fire
demo_000507,synthetic_demo,True,30.273817,75.626559,2026-07-20T08:14:00,VIIRS,VIIRS,47.164,340.27,76.87,1.682,2.195,D,forest,1792.13,0.3498,434.07,0.102375,0.076013,0.158181,0.004597,0.451515,0.035076,0.006731,0.165512,0.0,crops,0.451515,1,1,1,1,1,49.171,79.214,Agricultural Fire
demo_000131,synthetic_demo,True,18.729976,71.37981,2026-07-25T04:27:00,MODIS,MODIS,59.522,342.514,87.63,1.07,0.79,D,none,385.44,0.6395,3140.67,0.023309,0.000474,0.0139,3e-06,0.038148,0.0,0.515423,0.332659,0.076083,built,0.515423,2,4,14,11,11,58.008,71.183,Industrial Fire
demo_000326,synthetic_demo,True,21.166106,79.73744,2026-07-21T07:29:00,MODIS,MODIS,76.625,360.512,87.27,0.76,0.807,D,forest,1653.77,0.0093,680.83,0.005436,0.305378,0.264644,0.001023,0.09886,0.260755,0.000312,0.063592,0.0,trees,0.305378,1,3,5,5,5,62.573,108.504,Wildfire / Natural Fire
demo_000481,synthetic_demo,True,32.661494,74.201075,2026-07-27T19:40:00,MODIS,VIIRS,23.352,329.162,93.99,1.541,1.281,D,warehouse,986.5,0.3278,2050.52,0.018763,0.03385,0.057047,0.026622,0.439737,0.011393,0.255943,0.082356,0.07429,crops,,1,1,1,1,1,21.61,23.352,Agricultural Fire
demo_000956,synthetic_demo,True,25.037063,71.736934,2026-04-26T19:04:00,MODIS,MODIS,42.204,328.11,53.98,1.005,0.423,D,none,2318.36,0.0673,601.55,0.055079,0.06593,0.087631,0.000629,0.148526,0.103498,0.117103,0.421563,4e-05,bare,0.421563,4,5,8,10,10,38.703,61.368,Unknown / Other
demo_000647,synthetic_demo,True,22.497725,83.972705,2026-04-03T07:57:00,MODIS,MODIS,77.089,329.096,84.86,1.136,0.582,D,farm,329.38,0.6187,1508.84,0.145639,0.098082,0.001724,0.000614,0.006146,0.088297,0.600609,0.058889,0.0,built,0.600609,21,51,138,136,136,66.157,94.29,Persistent Thermal Source
demo_000230,synthetic_demo,True,21.12512,76.701982,2026-03-18T05:25:00,VIIRS,MODIS,116.059,343.458,97.81,1.502,0.523,D,industrial,1512.58,0.0358,2587.49,0.136811,0.304024,0.279288,0.02069,0.081797,0.112889,0.03754,0.026961,0.0,trees,0.304024,3,6,8,9,9,84.678,124.827,Wildfire / Natural Fire
demo_000615,synthetic_demo,True,22.200462,83.553945,2026-06-08T13:31:00,VIIRS,MODIS,87.316,340.644,88.73,1.395,1.554,D,water,446.16,0.9447,762.23,0.004603,0.01419,0.007906,0.00016,0.096981,0.144724,0.594172,0.137264,0.0,built,0.594172,74,359,421,513,513,79.349,104.922,Persistent Thermal Source
demo_000586,synthetic_demo,True,29.997909,75.003002,2026-04-04T15:56:00,MODIS,VIIRS,77.806,316.034,91.5,1.334,1.096,D,water,1398.51,0.3189,1791.22,0.003271,0.131953,0.082822,0.010695,0.472698,0.108234,0.100322,0.090005,1e-06,crops,0.472698,1,2,4,4,4,65.656,106.297,Agricultural Fire
demo_000660,synthetic_demo,True,22.743033,85.780957,2026-06-30T02:16:00,VIIRS,MODIS,130.129,337.314,80.84,1.199,1.327,D,none,286.71,0.6239,487.91,0.019489,0.04454,0.007636,0.03894,0.005467,9e-06,0.510858,0.37306,0.0,built,0.510858,38,97,168,132,132,93.343,156.169,Persistent Thermal Source
demo_000363,synthetic_demo,True,23.744036,78.425179,2026-06-27T23:13:00,MODIS,VIIRS,285.682,340.448,65.3,1.501,1.816,N,industrial,3612.69,0.0423,732.8,0.022193,0.53356,0.126504,0.00235,0.061059,0.125309,0.00015,0.128875,1e-06,trees,0.53356,1,2,3,3,3,249.779,285.682,Wildfire / Natural Fire
demo_000584,synthetic_demo,True,32.111198,77.381747,2026-01-27T19:22:00,VIIRS,VIIRS,26.338,329.166,95.97,0.803,0.652,D,industrial,1037.07,0.0797,1873.36,0.010073,0.067782,0.252579,0.003562,0.43974,0.162231,0.015231,0.042805,0.005998,crops,0.43974,1,1,1,2,2,21.671,37.715,Agricultural Fire
demo_000405,synthetic_demo,True,30.769798,74.35239,2026-03-08T18:48:00,VIIRS,MODIS,15.341,326.183,61.41,1.356,0.881,D,forest,482.69,0.0592,559.92,0.206929,0.09251,0.02105,0.019109,0.487319,0.014508,0.010535,0.14804,0.0,crops,0.487319,1,1,3,3,3,10.996,17.505,Agricultural Fire
demo_000436,synthetic_demo,True,29.281078,74.8089,2026-02-09T20:37:00,MODIS,VIIRS,12.175,311.468,75.75,1.605,1.919,D,industrial,664.3,0.1392,1437.8,0.003334,0.031329,0.012535,0.025162,0.719723,0.118766,0.017073,0.072077,0.0,crops,0.719723,1,1,2,2,2,9.43,12.175,Agricultural Fire
demo_000552,synthetic_demo,True,31.824127,76.479893,2026-01-29T18:06:00,VIIRS,VIIRS,30.596,328.457,96.11,1.773,1.252,D,none,188.12,0.1484,873.98,0.038862,0.119941,0.077151,0.002246,0.473024,0.186391,0.013099,0.088817,0.000468,crops,0.473024,1,1,4,3,3,29.451,35.709,Agricultural Fire
demo_000434,synthetic_demo,True,31.533643,74.678923,2026-07-31T21:16:00,MODIS,VIIRS,30.39,326.332,77.87,0.943,0.895,N,farm,656.64,0.3166,369.17,0.069135,0.007524,0.080687,0.064777,0.569242,0.110896,0.003111,0.094628,0.0,crops,0.569242,1,1,1,1,1,21.699,36.589,Agricultural Fire
demo_000163,synthetic_demo,True,19.153683,72.034877,2026-03-09T22:14:00,VIIRS,VIIRS,46.473,332.798,82.72,0.475,0.55,N,industrial,75.09,0.976,951.26,0.143733,0.042241,0.036415,0.002331,0.061316,0.015614,0.634833,0.063516,0.0,built,0.634833,1,2,5,5,5,41.506,69.387,Industrial Fire
demo_000878,synthetic_demo,True,25.794833,73.983668,2026-01-13T00:28:00,MODIS,VIIRS,11.255,309.686,47.91,1.137,0.394,D,none,3790.8,0.2322,681.47,0.177354,0.073431,0.203405,0.002915,0.001183,0.061754,0.122742,0.357217,0.0,bare,0.357217,2,3,7,9,9,8.258,11.255,Unknown / Other
demo_000619,synthetic_demo,True,21.73001,87.640924,2026-01-15T16:43:00,VIIRS,MODIS,105.004,340.921,91.93,0.502,0.935,D,water,422.19,0.763,1468.73,0.024375,0.030281,0.027906,0.037984,0.015302,0.002242,0.702487,0.159422,0.0,built,0.702487,29,45,91,125,125,102.528,157.978,Persistent Thermal Source
demo_000499,synthetic_demo,True,31.495281,76.181107,2026-06-05T09:30:00,MODIS,VIIRS,39.842,325.194,72.65,0.967,1.909,D,industrial,340.13,0.25,351.53,0.011642,0.0798,0.116623,0.000157,0.530141,0.13008,0.006347,0.124854,0.000356,crops,0.530141,1,1,1,1,1,30.74,49.219,Agricultural Fire
demo_000169,synthetic_demo,True,17.044029,71.015392,2026-05-17T05:32:00,MODIS,MODIS,83.4,335.955,77.95,1.036,0.352,N,farm,132.22,0.5651,846.14,0.125434,0.147289,0.00978,0.008505,0.108825,0.035524,0.396868,0.167776,0.0,built,0.396868,2,4,8,11,11,80.538,84.894,Industrial Fire
demo_000473,synthetic_demo,True,31.088652,76.745048,2026-07-19T18:44:00,VIIRS,MODIS,30.572,331.946,86.86,1.085,0.431,N,warehouse,988.4,0.2906,419.94,0.058986,0.068875,0.06007,0.00042,0.675569,0.006553,0.068475,0.061053,0.0,crops,0.675569,2,2,3,4,4,31.438,34.225,Agricultural Fire
demo_000993,synthetic_demo,True,25.281,71.028211,2026-08-14T05:04:00,MODIS,VIIRS,60.644,318.027,51.88,1.353,1.41,D,farm,6372.98,0.0048,104.12,0.079672,0.218689,0.05549,0.064418,0.019993,0.184206,0.135976,0.227763,0.013794,bare,0.227763,2,5,9,11,11,60.1,95.926,Unknown / Other
demo_000566,synthetic_demo,True,29.96476,73.827346,2026-06-29T04:35:00,VIIRS,MODIS,30.19,308.586,90.96,1.125,1.685,D,none,1595.78,0.2568,607.42,0.069918,0.012892,0.03949,0.019976,0.543953,0.111323,0.031722,0.170727,0.0,crops,0.543953,2,2,4,4,4,22.152,30.19,Agricultural Fire
demo_000071,synthetic_demo,True,19.38472,73.341092,2026-05-22T15:23:00,VIIRS,VIIRS,80.831,332.894,78.36,1.452,0.893,N,water,240.48,0.7087,648.24,0.067877,0.027043,0.073961,0.006067,0.000224,0.192238,0.581577,0.049211,0.001802,built,0.581577,2,5,11,13,13,71.623,88.953,Industrial Fire
demo_000125,synthetic_demo,True,19.295474,73.329216,2026-07-19T07:25:00,VIIRS,MODIS,64.116,354.484,77.64,1.692,2.082,N,none,372.79,0.9586,289.66,0.065619,0.024057,0.027426,0.002629,0.044938,0.002963,0.500718,0.331647,2e-06,built,0.500718,5,9,27,20,20,50.0,65.62,Industrial Fire
demo_000514,synthetic_demo,True,30.882803,77.002724,2026-04-02T04:39:00,VIIRS,VIIRS,73.007,326.034,67.43,1.159,2.186,D,water,684.33,0.1078,970.18,0.064499,0.001688,0.128056,0.021509,0.264948,0.050048,0.014902,0.453952,0.000396,bare,0.453952,1,1,1,1,1,63.772,73.007,Agricultural Fire
demo_000364,synthetic_demo,True,23.805939,79.057875,2026-03-17T12:20:00,VIIRS,VIIRS,52.28,346.877,91.95,1.739,0.47,D,water,1377.7,0.1373,1678.29,0.035355,0.478125,0.058436,0.085571,0.051881,0.150214,0.139238,0.00118,0.0,trees,0.478125,2,2,4,5,5,38.558,52.28,Wildfire / Natural Fire
demo_000165,synthetic_demo,True,19.028897,72.528341,2026-07-31T06:33:00,VIIRS,MODIS,61.555,338.026,87.69,1.653,1.299,N,industrial,192.04,0.7289,961.61,0.03591,0.077316,0.007021,0.12997,0.071292,0.000547,0.660863,0.017083,0.0,built,0.660863,4,10,18,18,18,51.173,85.04,Industrial Fire
demo_000960,synthetic_demo,True,26.568461,72.856038,2026-08-07T19:51:00,VIIRS,MODIS,12.616,333.239,43.17,0.589,2.14,N,none,3158.2,0.0326,692.2,0.002998,0.042222,0.178238,8.7e-05,0.158248,0.023754,0.021189,0.57318,8.4e-05,bare,0.57318,3,9,14,11,11,8.951,12.616,Unknown / Other
demo_000055,synthetic_demo,True,21.075786,73.024784,2026-04-18T20:20:00,MODIS,VIIRS,54.706,341.194,95.58,1.562,1.919,D,water,239.3,0.5879,3788.04,0.235629,0.020038,0.005111,0.017343,0.003519,0.0,0.438717,0.279644,0.0,built,0.438717,1,4,8,8,8,43.694,77.515,Industrial Fire
demo_000139,synthetic_demo,True,20.600038,72.47091,2026-06-13T02:52:00,MODIS,MODIS,46.482,335.254,90.54,1.2,1.827,N,industrial,413.34,0.9768,507.13,0.034688,0.029182,0.044826,0.0012,0.045985,0.004249,0.742878,0.096937,5.6e-05,built,0.742878,1,3,6,6,6,37.813,46.482,Industrial Fire
demo_000808,synthetic_demo,True,25.403778,73.382354,2026-03-11T12:19:00,VIIRS,VIIRS,43.559,309.228,81.19,0.549,2.115,N,,3823.25,0.1562,1483.8,0.020338,0.035232,0.127544,0.001989,0.158226,0.180269,0.029761,0.446538,0.000103,bare,0.446538,4,4,15,12,12,39.878,53.073,Unknown / Other
demo_000122,synthetic_demo,True,20.72994,72.453913,2026-04-22T11:39:00,MODIS,VIIRS,48.238,339.834,80.14,1.542,1.608,D,water,83.89,0.5544,825.28,0.130091,0.073602,0.284625,0.007919,0.026603,0.000168,0.364794,0.112199,0.0,built,0.364794,9,12,22,27,27,43.312,58.095,Industrial Fire
demo_000919,synthetic_demo,True,26.145552,71.499419,2026-03-09T07:12:00,VIIRS,VIIRS,18.249,334.17,51.63,1.532,0.365,N,none,4634.0,0.137,873.52,0.010037,0.134511,0.196808,0.063217,0.049693,0.212564,0.014321,0.318849,0.0,bare,0.318849,1,1,2,3,3,13.107,19.335,Unknown / Other
demo_000372,synthetic_demo,True,22.773393,78.045721,2026-06-28T14:45:00,MODIS,MODIS,113.98,339.095,83.85,0.575,0.917,N,forest,1418.22,0.0249,777.58,0.081817,0.444151,0.052946,0.004987,0.173944,0.220433,0.003496,0.018226,0.0,trees,0.444151,1,1,2,3,3,102.772,128.456,Wildfire / Natural Fire
demo_000515,synthetic_demo,True,32.792283,76.555334,2026-05-20T11:21:00,VIIRS,MODIS,33.271,320.095,67.21,1.532,1.583,N,farm,946.31,0.2117,884.44,0.090854,0.081153,0.05093,0.018866,0.634942,0.053941,0.046619,0.015616,0.007078,crops,0.634942,1,1,2,3,3,30.108,39.918,Agricultural Fire
demo_000358,synthetic_demo,True,24.080545,81.674917,2026-04-08T13:27:00,VIIRS,VIIRS,153.077,338.532,87.3,1.169,1.35,D,none,3367.63,0.0011,948.43,0.071549,0.562008,0.040067,0.000758,0.04773,0.195438,0.016323,0.066127,0.0,trees,0.562008,2,6,7,8,8,120.278,210.259,Wildfire / Natural Fire
demo_000491,synthetic_demo,True,31.045098,77.258904,2026-03-26T04:55:00,MODIS,VIIRS,10.954,315.264,91.89,1.415,0.734,D,forest,1165.68,0.0672,2557.19,0.039795,0.029655,0.189154,5.1e-05,0.558588,0.026666,0.017876,0.138216,0.0,crops,0.558588,1,2,3,4,4,10.801,12.646,Agricultural Fire
demo_000502,synthetic_demo,True,31.339841,74.497678,2026-05-24T02:00:00,VIIRS,MODIS,46.443,317.127,90.57,0.647,0.908,D,none,442.96,0.2811,3847.62,0.070424,0.079811,0.047811,0.016883,0.591234,0.021722,0.056078,0.116038,0.0,crops,0.591234,1,1,1,1,1,38.736,47.357,Agricultural Fire
demo_000447,synthetic_demo,True,29.49234,77.62715,2026-03-29T00:06:00,MODIS,VIIRS,83.851,323.333,89.94,1.477,0.759,N,none,329.13,0.2068,2245.45,1e-06,0.015757,0.099563,0.000307,0.695376,0.057511,0.056881,0.074605,0.0,crops,0.695376,1,2,3,4,4,60.985,104.005,Agricultural Fire
demo_000703,synthetic_demo,True,21.624224,83.534517,2026-01-28T11:42:00,MODIS,VIIRS,99.648,341.964,87.32,1.439,0.655,D,water,532.54,0.7297,806.47,0.058901,0.011224,0.003551,1e-05,0.000192,0.149934,0.679771,0.096416,0.0,built,0.679771,66,279,361,469,469,85.719,112.355,Persistent Thermal Source
demo_000188,synthetic_demo,True,17.977261,72.408537,2026-06-09T18:04:00,VIIRS,MODIS,74.762,329.645,88.32,0.35,1.35,D,farm,180.04,0.614,158.49,0.02006,0.002238,0.020903,0.018973,0.013441,5e-06,0.854059,0.068855,0.001467,built,0.854059,11,14,20,24,24,56.672,85.779,Industrial Fire
demo_000109,synthetic_demo,True,20.407274,74.368275,2026-03-31T15:35:00,VIIRS,VIIRS,56.1,323.095,98.84,1.597,1.134,D,farm,63.83,0.6912,992.21,0.117457,0.104284,0.016143,0.005817,0.095229,0.006139,0.56934,0.081557,0.004034,built,0.56934,1,2,7,7,7,50.982,56.304,Industrial Fire
demo_000652,synthetic_demo,True,23.863751,86.176187,2026-04-19T22:08:00,MODIS,VIIRS,93.506,348.602,95.89,0.65,0.606,D,farm,211.79,0.8607,1848.31,0.025068,0.184714,0.000117,1.2e-05,0.051993,0.133328,0.548717,0.056052,0.0,built,0.548717,30,76,265,223,223,81.19,145.659,Persistent Thermal Source
demo_000650,synthetic_demo,True,23.024523,85.439042,2026-01-21T06:55:00,MODIS,VIIRS,93.215,331.046,86.78,0.816,1.22,D,none,120.21,0.5775,911.36,0.022663,0.107315,0.032353,0.016421,0.000386,0.00332,0.701803,0.115738,1e-06,built,0.701803,132,287,479,654,654,70.589,107.247,Persistent Thermal Source
demo_000287,synthetic_demo,True,23.809757,77.149959,2026-08-12T05:42:00,MODIS,MODIS,179.86,349.555,84.32,0.491,0.974,D,farm,1253.1,0.0318,2172.84,0.025664,0.493641,0.286016,0.002017,0.021454,0.115205,0.036935,0.019069,0.0,trees,0.493641,1,2,4,4,4,128.515,179.86,Wildfire / Natural Fire
demo_000414,synthetic_demo,True,29.445646,77.161498,2026-01-23T06:06:00,VIIRS,VIIRS,33.94,311.863,61.18,0.74,1.795,N,water,359.95,0.2863,409.34,0.155834,0.05322,0.086724,4.8e-05,0.375707,0.125369,0.062466,0.140632,0.0,crops,0.375707,1,3,4,4,4,31.669,50.791,Agricultural Fire
demo_000563,synthetic_demo,True,32.79136,76.855993,2026-07-01T13:54:00,MODIS,VIIRS,35.644,318.453,74.0,1.112,1.032,D,industrial,1140.38,0.0625,1474.18,0.0603,0.022831,0.088127,0.008393,0.666698,0.050313,0.009284,0.094053,0.0,crops,0.666698,1,1,1,1,1,25.015,35.644,Agricultural Fire
demo_000544,synthetic_demo,True,34.468175,75.109685,2026-06-16T18:43:00,VIIRS,MODIS,36.223,314.747,85.63,0.787,0.895,N,industrial,774.57,0.245,913.43,0.005832,0.119228,0.129768,0.000216,0.592477,0.064306,0.010935,0.077237,0.0,crops,0.592477,1,1,1,2,2,33.571,37.865,Agricultural Fire
demo_000537,synthetic_demo,True,30.473501,73.883792,2026-01-05T20:51:00,MODIS,MODIS,33.739,334.312,95.66,1.752,1.348,D,water,671.14,0.2681,207.99,0.173982,0.117688,0.074019,0.014021,0.376877,0.007602,0.163785,0.072026,0.0,crops,0.376877,1,1,1,2,2,30.543,37.312,Agricultural Fire
demo_000601,synthetic_demo,True,22.909293,86.271388,2026-05-27T21:19:00,VIIRS,VIIRS,128.792,336.203,84.3,0.354,2.044,D,none,108.57,0.8125,152.03,0.008142,0.018768,0.152883,0.001536,0.093569,0.08935,0.561994,0.073758,0.0,built,0.561994,12,45,68,91,91,95.523,152.548,Persistent Thermal Source
demo_000175,synthetic_demo,True,19.194125,72.540992,2026-05-19T09:48:00,MODIS,VIIRS,70.41,327.017,82.76,1.246,1.64,N,farm,151.28,0.8251,895.59,0.016051,0.205607,7.5e-05,7.3e-05,9.7e-05,0.023307,0.700831,0.053943,1.7e-05,built,0.700831,1,7,10,9,9,52.68,87.747,Industrial Fire
demo_000946,synthetic_demo,True,25.676209,69.753227,2026-08-04T00:41:00,VIIRS,MODIS,13.869,317.012,50.88,0.732,1.262,N,industrial,1005.97,0.1481,835.15,0.012537,0.005065,0.164126,0.039572,0.011386,0.189291,0.020983,0.556569,0.00047,bare,0.556569,2,7,11,14,14,11.747,16.561,Unknown / Other
demo_000144,synthetic_demo,True,17.406848,74.57691,2026-04-22T06:07:00,VIIRS,MODIS,92.894,322.761,97.76,0.472,2.167,D,industrial,281.61,0.9544,2156.74,0.053884,0.002182,0.171694,0.000134,0.022466,0.010456,0.654693,0.080592,0.0039,built,0.654693,1,1,4,3,3,75.151,107.17,Industrial Fire
demo_000286,synthetic_demo,True,21.964256,81.784238,2026-03-21T10:50:00,VIIRS,MODIS,119.557,341.678,90.08,1.129,1.167,N,industrial,1220.15,0.0952,510.74,0.062263,0.139176,0.058274,0.004887,0.067361,0.609294,0.014054,0.044691,0.0,shrub_scrub,0.609294,1,2,4,6,6,91.554,155.298,Wildfire / Natural Fire
demo_000678,synthetic_demo,True,23.362914,90.123999,2026-03-15T12:21:00,VIIRS,VIIRS,89.111,343.232,90.18,1.261,2.031,N,forest,492.19,0.8734,376.88,0.014962,0.074122,0.024865,0.000717,0.004804,0.004883,0.781453,0.094195,0.0,built,0.781453,54,308,312,401,401,74.015,115.928,Persistent Thermal Source
demo_000119,synthetic_demo,True,18.674348,73.320193,2026-01-21T14:16:00,MODIS,VIIRS,90.198,328.919,99.71,0.507,1.368,N,none,284.58,0.926,588.7,0.000146,0.164986,0.001205,0.010602,1.7e-05,7e-05,0.540741,0.282233,0.0,built,0.540741,4,10,17,18,18,72.866,116.441,Industrial Fire
demo_000306,synthetic_demo,True,22.136171,79.776617,2026-02-13T01:19:00,VIIRS,MODIS,84.566,344.456,90.02,1.723,1.849,D,warehouse,3706.47,0.1476,257.91,0.07059,0.637427,0.111244,0.005053,0.021441,0.063993,0.047534,0.042717,0.0,trees,0.637427,2,6,6,7,7,81.321,127.227,Wildfire / Natural Fire
demo_000569,synthetic_demo,True,28.289342,76.998448,2026-06-13T06:29:00,MODIS,MODIS,34.158,335.486,79.75,1.066,1.662,D,industrial,758.62,0.1383,874.29,0.070223,0.052703,0.098486,0.010303,0.489467,0.075927,0.108034,0.093727,0.001131,crops,0.489467,1,3,3,4,4,26.852,34.158,Agricultural Fire
demo_000327,synthetic_demo,True,22.502962,76.105527,2026-04-21T17:20:00,VIIRS,MODIS,837.294,342.057,67.25,0.425,0.639,D,water,2602.79,0.1414,,0.062478,0.349974,0.136219,0.000595,0.03372,0.332773,0.005415,0.078825,0.0,trees,0.349974,2,4,7,6,6,694.081,1098.226,Wildfire / Natural Fire
demo_000837,synthetic_demo,True,25.024915,71.777,2026-03-20T08:40:00,VIIRS,VIIRS,22.585,309.662,54.0,0.68,0.472,D,industrial,8484.61,0.0595,636.98,0.027973,0.008966,0.003195,0.017612,0.0228,0.354477,0.062882,0.502095,0.0,bare,0.502095,6,8,15,13,13,18.377,26.322,Unknown / Other
demo_000097,synthetic_demo,True,20.031576,72.400382,2026-07-17T10:49:00,VIIRS,VIIRS,71.441,326.91,98.61,1.584,1.338,D,industrial,150.93,0.741,1670.15,0.137721,0.031308,0.031037,1e-05,0.012935,0.000413,0.46401,0.322567,0.0,built,0.46401,1,1,1,1,1,65.617,78.862,Industrial Fire
demo_000453,synthetic_demo,True,31.4756,72.512,2026-06-30T03:10:00,MODIS,VIIRS,64.923,318.898,83.62,0.979,0.847,D,none,425.96,0.1092,1750.43,0.01308,0.102324,0.107978,0.038594,0.498534,0.053548,0.043711,0.14223,0.0,crops,0.498534,1,1,4,3,3,66.342,72.532,Agricultural Fire
demo_000274,synthetic_demo,True,22.426646,78.739119,2026-06-10T04:16:00,MODIS,MODIS,169.792,349.275,84.25,0.588,2.157,D,forest,1531.27,0.0701,320.74,0.041274,0.495357,0.098404,0.008033,0.01829,0.196876,0.017263,0.124504,0.0,trees,0.495357,2,2,5,5,5,148.495,189.43,Wildfire / Natural Fire
demo_000296,synthetic_demo,True,22.916897,78.420617,2026-06-06T14:44:00,MODIS,MODIS,76.729,328.553,92.76,0.389,0.772,N,none,2237.31,0.1172,432.86,0.033529,0.279219,0.396143,0.000239,0.011381,0.101476,0.000134,0.160371,0.017507,grass,0.396143,1,1,1,1,1,76.228,90.918,Wildfire / Natural Fire
demo_000239,synthetic_demo,True,21.223554,78.107181,2026-02-03T00:33:00,VIIRS,MODIS,83.272,352.59,65.2,1.088,0.747,D,water,3113.95,0.0737,2022.26,0.259058,0.602838,0.061408,0.003748,0.001537,0.039365,0.00552,0.02632,0.000206,trees,0.602838,2,7,10,8,8,83.117,96.198,Wildfire / Natural Fire
demo_000687,synthetic_demo,True,20.63989,85.515806,2026-03-23T13:11:00,VIIRS,VIIRS,102.597,343.93,95.41,1.625,1.502,D,none,389.25,0.5551,689.16,0.058861,0.079679,0.002658,0.000243,0.032424,0.009489,0.736121,0.080526,0.0,built,0.736121,117,295,513,662,662,84.104,113.684,Persistent Thermal Source
demo_000135,synthetic_demo,True,20.502716,72.796083,2026-07-31T07:12:00,MODIS,VIIRS,68.896,347.142,95.78,0.739,1.227,D,forest,100.22,0.8091,485.6,0.003023,0.046358,0.232349,0.000513,0.001793,1.6e-05,0.53799,0.177958,0.0,built,0.53799,4,18,27,21,21,65.461,92.636,Industrial Fire
demo_000373,synthetic_demo,True,22.238329,76.493597,2026-06-15T16:47:00,MODIS,MODIS,53.228,352.776,92.22,0.534,0.774,N,forest,684.22,0.1404,197.82,0.153964,0.518122,0.146136,0.006379,0.002146,0.128721,0.017701,0.026832,0.0,trees,0.518122,1,1,2,2,2,43.784,67.809,Wildfire / Natural Fire
demo_000223,synthetic_demo,True,21.628899,77.092335,2026-07-18T08:31:00,VIIRS,MODIS,132.704,346.287,83.5,1.101,0.361,N,industrial,2093.25,0.0954,1051.33,0.095846,0.433785,0.103344,0.004603,3e-06,0.156121,0.016019,0.190279,0.0,trees,0.433785,2,3,8,7,7,112.554,171.839,Wildfire / Natural Fire
demo_000621,synthetic_demo,True,24.827579,87.489682,2026-04-13T03:05:00,MODIS,MODIS,70.255,340.193,91.3,0.759,2.045,D,none,333.76,0.6823,534.0,0.05394,0.007734,0.000372,0.005174,0.190988,0.016757,0.485047,0.239989,0.0,built,0.485047,97,97,270,286,286,53.902,70.255,Persistent Thermal Source
demo_000925,synthetic_demo,True,24.344702,68.543993,2026-06-15T00:55:00,VIIRS,VIIRS,16.945,305.017,41.12,0.702,1.117,D,water,2842.42,0.0717,854.68,0.05909,0.169981,0.039197,0.000712,0.140858,0.13334,0.00337,0.453453,0.0,bare,0.453453,2,5,9,13,13,14.643,24.891,Unknown / Other
demo_000591,synthetic_demo,True,31.52808,74.304218,2026-05-08T08:12:00,VIIRS,VIIRS,51.492,318.868,72.73,0.425,0.743,D,forest,941.7,0.2006,746.42,0.110386,0.067332,0.122428,0.000618,0.44984,0.004455,0.052344,0.188592,0.004006,crops,0.44984,1,3,3,4,4,48.536,65.465,Agricultural Fire
demo_000642,synthetic_demo,True,22.241537,84.078053,2026-05-26T09:09:00,MODIS,VIIRS,87.474,328.127,90.26,1.177,2.082,D,water,143.17,0.7329,2250.5,0.000159,0.060489,0.048133,0.000713,0.004462,0.005839,0.718818,0.152412,0.008975,built,0.718818,117,151,328,363,363,82.685,135.345,Persistent Thermal Source
demo_000977,synthetic_demo,True,25.115835,72.262743,2026-04-20T23:45:00,MODIS,MODIS,44.143,311.387,43.61,1.24,0.583,D,industrial,8177.44,0.2213,489.44,0.155575,0.151153,0.081364,0.084912,0.032441,0.074148,0.082927,0.337413,6.7e-05,bare,0.337413,3,4,10,8,8,36.984,44.143,Unknown / Other
demo_000970,synthetic_demo,True,25.0249,70.977872,2026-02-03T11:29:00,MODIS,VIIRS,25.648,308.859,41.46,0.382,1.78,D,forest,6021.23,0.0622,,0.027916,0.089687,0.040388,0.024064,0.068971,0.150862,0.097526,0.500587,0.0,bare,0.500587,4,4,7,9,9,23.067,26.802,Unknown / Other
demo_000126,synthetic_demo,True,18.176831,73.069004,2026-07-05T17:25:00,VIIRS,MODIS,128.485,331.29,88.08,1.346,1.658,D,forest,81.82,0.6562,752.8,0.006098,0.009452,0.009141,0.008884,0.004569,0.0,0.722672,0.239154,3e-05,built,0.722672,4,21,25,23,23,90.049,128.485,Industrial Fire
demo_000617,synthetic_demo,True,23.955274,89.23691,2026-04-10T03:46:00,VIIRS,MODIS,64.9,339.264,80.74,0.673,2.002,D,forest,75.06,0.5911,1013.87,0.002765,0.055751,6e-06,1.4e-05,0.213105,0.000468,0.606843,0.121049,0.0,built,0.606843,98,233,481,495,495,54.416,64.9,Persistent Thermal Source
demo_000962,synthetic_demo,True,25.466932,69.131526,2026-08-05T12:20:00,MODIS,VIIRS,61.114,300.79,58.33,1.447,0.655,D,warehouse,4921.79,0.063,276.8,0.144378,0.141614,0.151539,0.148645,0.011886,0.107903,0.034517,0.259519,0.0,bare,0.259519,2,6,13,14,14,59.842,98.528,Unknown / Other
demo_000677,synthetic_demo,True,24.000472,84.971179,2026-04-09T10:22:00,MODIS,MODIS,72.876,338.891,85.17,1.143,0.569,N,industrial,161.92,0.6611,1192.45,0.016327,0.003738,0.000951,0.001022,0.021801,0.124085,0.694708,0.13737,0.0,built,0.694708,61,128,142,200,200,74.697,119.472,Persistent Thermal Source
demo_000248,synthetic_demo,True,21.186377,79.130548,2026-06-12T08:30:00,MODIS,MODIS,67.196,335.229,78.91,0.749,1.315,N,forest,1084.5,0.1155,1415.62,0.000244,0.477005,0.183089,0.027538,0.003094,0.282724,0.002468,0.023837,0.0,trees,0.477005,1,2,5,6,6,54.749,67.196,Wildfire / Natural Fire
demo_000522,synthetic_demo,True,30.865921,76.324197,2026-01-27T20:40:00,VIIRS,VIIRS,42.311,331.014,91.41,1.312,1.742,D,forest,1319.16,0.1765,1547.54,0.09842,0.195454,0.007028,0.00011,0.385353,0.119825,0.000976,0.192834,0.0,crops,0.385353,1,1,1,1,1,42.607,55.619,Agricultural Fire
demo_000827,synthetic_demo,True,26.404193,71.66649,2026-04-05T11:36:00,MODIS,MODIS,45.119,327.111,81.67,1.282,1.976,N,farm,1384.32,0.1376,159.47,0.027145,0.065217,0.025359,0.077789,0.022667,0.239346,0.024792,0.517519,0.000165,bare,0.517519,1,1,2,2,2,37.894,45.119,Unknown / Other
demo_000593,synthetic_demo,True,28.727612,74.84429,2026-06-09T17:45:00,VIIRS,MODIS,19.078,324.217,60.52,1.277,0.601,D,farm,243.62,0.2483,256.08,0.082263,0.017261,0.135761,0.001729,0.399125,0.085611,0.105336,0.172914,0.0,crops,0.399125,1,1,2,2,2,19.486,23.009,Agricultural Fire
demo_000096,synthetic_demo,True,18.414321,70.398049,2026-04-08T06:47:00,VIIRS,VIIRS,248.166,342.527,85.17,1.615,0.971,N,warehouse,83.48,0.8159,468.44,0.05634,0.020324,1.1e-05,0.08103,0.03356,0.004894,0.756706,0.047135,0.0,built,0.756706,1,2,3,2,2,254.186,364.474,Industrial Fire
demo_000876,synthetic_demo,True,24.061606,70.626871,2026-06-18T01:21:00,MODIS,MODIS,39.144,324.397,74.21,1.756,1.535,D,industrial,1377.68,0.0657,659.54,0.095622,0.077231,0.081649,0.018348,0.000113,0.184615,0.053283,0.489048,9.2e-05,bare,0.489048,2,6,14,10,10,34.007,39.258,Unknown / Other
demo_000688,synthetic_demo,True,24.000994,85.716204,2026-02-22T10:25:00,MODIS,VIIRS,115.493,334.657,85.74,0.871,0.803,D,none,353.5,0.9153,1210.66,0.24087,0.007183,0.062163,0.00599,4.7e-05,0.050205,0.385924,0.247616,1e-06,built,0.385924,132,302,445,520,520,94.236,115.493,Persistent Thermal Source
demo_000673,synthetic_demo,True,23.337027,87.616182,2026-05-04T15:58:00,MODIS,MODIS,141.765,337.367,89.04,1.282,1.799,N,warehouse,173.54,0.8538,418.61,0.013736,0.001075,0.091444,0.007,2.6e-05,0.033299,0.633931,0.219489,0.0,built,0.633931,109,184,343,434,434,115.535,141.765,Persistent Thermal Source
demo_000138,synthetic_demo,True,19.682648,72.687882,2026-04-10T10:36:00,VIIRS,MODIS,49.39,344.267,94.94,0.677,1.272,D,farm,453.76,0.8643,960.05,0.061547,0.089963,0.123405,0.003484,0.003491,0.049792,0.467747,0.200495,7.7e-05,built,0.467747,1,3,6,9,9,45.56,62.139,Industrial Fire
demo_000330,synthetic_demo,True,25.038459,81.033348,2026-07-16T21:47:00,MODIS,MODIS,173.799,357.432,76.05,0.708,1.396,D,farm,782.04,0.0617,1921.22,0.018953,0.722481,0.114,0.000202,0.044768,0.065282,0.008978,0.008627,0.01671,trees,0.722481,1,3,6,7,7,122.885,173.799,Wildfire / Natural Fire
demo_000101,synthetic_demo,True,20.42081,74.098212,2026-01-23T07:39:00,VIIRS,MODIS,73.407,337.504,70.16,0.376,1.859,D,warehouse,580.5,0.6878,819.65,0.11697,0.037111,0.006082,0.000849,0.224048,0.01143,0.589243,0.014098,0.000168,built,0.589243,6,19,23,20,20,75.98,134.627,Industrial Fire
demo_000100,synthetic_demo,True,18.436457,69.851646,2026-06-13T20:28:00,MODIS,VIIRS,87.669,338.71,89.47,1.502,0.501,N,farm,398.59,0.7725,973.89,0.018864,0.101447,0.027355,1.2e-05,0.058541,0.067606,0.711517,0.014658,0.0,built,0.711517,2,7,9,10,10,80.528,87.669,Industrial Fire
demo_000076,synthetic_demo,True,19.880826,70.10799,2026-04-02T03:03:00,MODIS,VIIRS,49.837,341.482,99.73,1.244,1.879,D,forest,269.67,0.9493,441.16,0.247967,0.024861,0.091078,6.5e-05,0.000279,0.030591,0.504129,0.101014,1.6e-05,built,0.504129,9,9,34,26,26,45.8,60.764,Industrial Fire
demo_000614,synthetic_demo,True,23.19912,85.542041,2026-07-30T19:12:00,VIIRS,MODIS,83.542,338.045,89.85,1.624,1.529,D,warehouse,521.18,0.5637,592.93,0.021453,0.060455,0.04599,0.001364,0.021965,0.004859,0.769681,0.074083,0.00015,built,0.769681,88,224,483,594,594,64.884,96.924,Persistent Thermal Source
demo_000646,synthetic_demo,True,22.820962,87.168122,2026-08-21T12:26:00,MODIS,MODIS,114.014,331.845,93.58,1.301,0.582,N,warehouse,152.41,0.9195,1708.85,0.061566,0.002058,3.4e-05,1e-06,6.3e-05,0.159384,0.689501,0.085978,0.001416,built,0.689501,43,135,309,330,330,99.428,135.367,Persistent Thermal Source
demo_000494,synthetic_demo,True,30.977536,73.805667,2026-04-06T19:38:00,MODIS,VIIRS,65.103,326.368,89.4,1.347,0.773,N,none,813.18,0.1424,1031.85,0.017702,0.02914,0.018932,0.006432,0.755958,0.04184,0.003211,0.126782,4e-06,crops,0.755958,1,1,1,1,1,63.943,98.927,Agricultural Fire
demo_000895,synthetic_demo,True,26.72062,68.320046,2026-03-17T15:13:00,MODIS,VIIRS,31.866,323.426,64.72,1.433,1.768,D,forest,5493.44,0.2249,681.38,0.001439,0.080055,0.121974,0.041563,0.208045,0.22481,0.006076,0.316038,0.0,bare,0.316038,1,2,4,5,5,27.446,32.271,Unknown / Other
demo_000662,synthetic_demo,True,23.185767,87.123727,2026-03-18T22:12:00,VIIRS,VIIRS,94.811,331.165,97.96,1.473,0.924,D,farm,60.88,0.621,75.85,0.076765,0.010866,0.002617,0.011579,0.043377,0.154795,0.538126,0.161875,0.0,built,0.538126,194,432,770,553,553,80.002,119.059,Persistent Thermal Source
demo_000666,synthetic_demo,True,24.644323,85.26786,2026-01-28T22:30:00,VIIRS,VIIRS,84.008,345.028,98.6,0.987,0.399,D,none,260.95,0.9369,1543.38,0.008972,0.066131,8e-06,0.000927,0.045309,0.001028,0.460699,0.416902,2.2e-05,built,0.460699,132,504,679,679,679,60.762,84.008,Persistent Thermal Source
demo_000297,synthetic_demo,True,23.487262,78.124277,2026-08-24T17:34:00,MODIS,MODIS,85.421,352.947,77.55,0.435,1.526,N,industrial,3021.07,0.0075,2196.03,0.152684,0.463274,0.120838,0.006566,0.101844,0.085698,0.015135,0.05396,0.0,trees,0.463274,1,1,5,4,4,67.018,104.913,Wildfire / Natural Fire
demo_000626,synthetic_demo,True,22.914042,86.014153,2026-08-13T05:40:00,MODIS,VIIRS,91.95,333.948,83.56,1.234,0.973,D,industrial,128.33,0.6256,751.2,0.013143,0.004528,0.036445,0.012659,0.013181,0.001642,0.57142,0.346975,7e-06,built,0.57142,79,197,444,378,378,71.438,91.95,Persistent Thermal Source
demo_000382,synthetic_demo,True,23.117512,77.490881,2026-07-23T22:50:00,VIIRS,VIIRS,102.793,334.777,81.55,1.687,1.692,D,water,1763.35,0.03,250.93,0.125461,0.362132,0.039114,0.027018,0.046283,0.34079,0.009413,0.048601,0.001189,trees,0.362132,1,6,7,9,9,101.234,128.935,Wildfire / Natural Fire
demo_000242,synthetic_demo,True,21.026473,78.245856,2026-06-13T13:05:00,MODIS,VIIRS,93.026,351.707,69.42,1.227,0.828,D,industrial,999.17,0.038,829.47,0.007591,0.596781,0.070547,0.000222,0.112088,0.05035,0.022271,0.133005,0.007146,trees,0.596781,1,4,8,7,7,90.776,121.622,Wildfire / Natural Fire
demo_000031,synthetic_demo,True,18.815223,70.073689,2026-01-03T00:38:00,MODIS,VIIRS,41.009,344.227,93.16,0.788,0.431,D,none,66.75,0.8687,493.02,0.107769,0.146516,0.091367,3.8e-05,0.001235,0.015307,0.599754,0.038013,0.0,built,0.599754,8,12,29,26,26,30.95,44.513,Industrial Fire
demo_000725,synthetic_demo,True,24.717537,87.261912,2026-03-15T10:55:00,VIIRS,MODIS,123.905,338.166,81.94,1.485,0.52,N,industrial,229.16,0.7922,2407.2,0.072747,0.170518,0.041288,0.037241,0.073311,0.0,0.564734,0.040099,6.3e-05,built,0.564734,118,400,814,594,594,97.201,173.398,Persistent Thermal Source
demo_000616,synthetic_demo,True,21.35444,88.697099,2026-05-03T10:17:00,MODIS,MODIS,85.771,336.977,93.44,0.412,1.606,D,warehouse,206.16,0.8996,1989.92,0.026389,0.001058,0.019818,0.0,1e-06,0.020042,0.796245,0.136448,0.0,built,0.796245,55,233,234,328,328,71.106,87.171,Persistent Thermal Source
demo_000376,synthetic_demo,True,21.478885,76.923176,2026-08-04T19:50:00,VIIRS,VIIRS,150.532,364.542,78.35,0.919,1.638,D,farm,2741.08,0.1437,1245.73,0.011147,0.758893,0.015672,0.001351,0.000374,0.042423,7.3e-05,0.170067,0.0,trees,0.758893,1,2,3,3,3,140.202,201.734,Wildfire / Natural Fire
demo_000607,synthetic_demo,True,22.946572,86.634838,2026-06-22T20:27:00,MODIS,VIIRS,62.423,334.809,96.21,0.998,0.608,D,industrial,130.91,0.735,425.36,0.065028,0.027712,0.024703,0.1036,0.14066,0.01053,0.47918,0.148586,0.0,built,0.47918,45,101,156,202,202,61.12,89.615,Persistent Thermal Source
demo_000995,synthetic_demo,True,25.924618,71.163651,2026-02-19T21:35:00,MODIS,MODIS,6.661,309.123,45.05,1.388,2.016,N,none,6944.04,0.2006,580.25,0.039841,0.387201,0.04495,0.020002,0.012953,0.227149,0.020029,0.246778,0.001096,trees,0.387201,1,2,2,2,2,6.953,8.602,Unknown / Other
demo_000099,synthetic_demo,True,19.136146,74.40355,2026-02-25T20:35:00,VIIRS,MODIS,91.299,328.433,92.07,1.592,0.583,D,none,139.66,0.6373,303.91,0.0038,0.013177,0.003624,0.000205,0.141545,0.087605,0.69768,0.052364,1e-06,built,0.69768,2,6,14,14,14,89.679,107.143,Industrial Fire
demo_000752,synthetic_demo,True,21.891452,84.60171,2026-02-14T23:14:00,VIIRS,VIIRS,83.324,330.003,80.92,0.867,0.923,D,forest,413.87,0.7553,108.85,0.069433,0.00787,0.279916,2e-06,0.002302,0.04116,0.36998,0.229338,0.0,built,0.36998,136,212,453,528,528,86.993,131.081,Persistent Thermal Source
demo_000285,synthetic_demo,True,23.887304,77.501498,2026-05-14T00:15:00,MODIS,MODIS,136.753,353.617,99.65,1.312,1.314,D,forest,548.62,0.0774,411.95,0.013408,0.307203,0.372229,0.010415,0.023602,0.12775,0.079359,0.066014,2e-05,grass,0.372229,1,1,1,1,1,125.052,164.389,Wildfire / Natural Fire
demo_000366,synthetic_demo,True,23.090156,77.129267,2026-08-07T23:25:00,MODIS,VIIRS,168.542,338.317,96.4,1.058,0.379,D,forest,4309.54,0.0949,434.83,0.010211,0.650707,0.103699,0.000415,0.003288,0.177422,0.028923,0.024969,0.000366,trees,0.650707,2,5,9,7,7,164.9,178.09,Wildfire / Natural Fire
demo_000852,synthetic_demo,True,25.416532,70.867754,2026-04-17T23:41:00,VIIRS,VIIRS,82.949,327.671,47.93,1.054,1.896,D,industrial,1597.05,0.0139,1717.3,0.065419,0.133347,0.109492,0.001874,0.02826,0.214555,0.075314,0.371738,1e-06,bare,0.371738,1,3,3,5,5,86.853,129.992,Unknown / Other
demo_000211,synthetic_demo,True,22.816655,81.354719,2026-03-26T02:58:00,VIIRS,VIIRS,57.847,323.199,98.97,1.704,0.575,D,water,2740.95,0.0917,171.57,0.020844,0.516533,0.015433,0.049407,0.070152,0.068637,0.054311,0.204684,0.0,trees,0.516533,1,4,7,10,10,54.271,75.289,Wildfire / Natural Fire
demo_000205,synthetic_demo,True,23.349281,78.739643,2026-03-19T10:20:00,MODIS,MODIS,79.922,345.306,67.8,0.444,1.172,D,industrial,1789.83,0.0728,276.34,0.036347,0.593012,0.082094,0.002266,0.009512,0.239814,0.029323,0.007632,0.0,trees,0.593012,1,3,5,5,5,82.777,127.818,Wildfire / Natural Fire
demo_000910,synthetic_demo,True,25.890361,69.816811,2026-04-15T00:38:00,MODIS,VIIRS,48.08,298.696,37.15,0.922,0.575,D,farm,7660.76,0.2169,1593.32,1.7e-05,0.085018,0.021246,0.039916,0.007647,0.212742,0.027805,0.605609,0.0,bare,0.605609,1,4,7,8,8,35.992,48.08,Unknown / Other
demo_000657,synthetic_demo,True,22.745343,84.645282,2026-03-20T05:01:00,MODIS,MODIS,62.063,346.785,81.03,1.636,1.093,D,warehouse,285.7,0.9244,748.7,0.047536,0.046749,0.005962,0.000917,0.017985,0.058451,0.542175,0.280225,0.0,built,0.542175,66,230,354,439,439,46.179,62.063,Persistent Thermal Source
demo_000749,synthetic_demo,True,24.435336,83.884634,2026-06-12T17:40:00,VIIRS,VIIRS,99.162,346.307,95.32,1.291,0.93,N,industrial,196.68,0.939,461.8,0.008138,0.011351,0.000169,0.000109,0.000245,0.064052,0.501679,0.414257,0.0,built,0.501679,16,56,119,90,90,83.898,145.932,Persistent Thermal Source
demo_000640,synthetic_demo,True,22.809131,87.375502,2026-05-03T16:50:00,VIIRS,VIIRS,81.961,334.71,85.0,1.526,1.415,D,farm,15.9,0.9309,1477.08,0.001823,0.034977,0.000393,0.062799,0.007045,0.005465,0.611224,0.276274,0.0,built,0.611224,146,152,360,428,428,58.931,84.816,Persistent Thermal Source
demo_000838,synthetic_demo,True,26.825519,72.145378,2026-08-22T11:14:00,VIIRS,MODIS,21.589,304.929,38.28,1.644,0.903,N,industrial,4649.95,0.1636,788.9,0.01245,0.363758,0.018945,0.132409,0.004445,0.088727,0.003534,0.375732,0.0,bare,0.375732,4,4,12,10,10,19.173,22.812,Unknown / Other
demo_000322,synthetic_demo,True,23.2551,73.788448,2026-08-10T11:09:00,VIIRS,MODIS,171.673,341.331,86.48,0.901,0.802,D,industrial,2735.09,0.1033,430.19,0.160844,0.51545,0.118506,0.010307,0.003314,0.119182,0.001853,0.070544,0.0,trees,0.51545,2,10,10,11,11,171.281,277.348,Wildfire / Natural Fire
demo_000625,synthetic_demo,True,23.82182,86.529612,2026-01-15T15:26:00,VIIRS,VIIRS,138.349,333.574,87.38,1.164,1.364,N,forest,67.76,0.7131,1465.72,0.110227,0.018008,0.000446,0.005885,0.000215,0.024113,0.730998,0.110108,0.0,built,0.730998,119,289,578,644,644,123.051,201.058,Persistent Thermal Source
demo_000740,synthetic_demo,True,22.382929,86.112546,2026-02-15T02:13:00,MODIS,MODIS,88.275,342.097,96.68,0.491,1.943,D,farm,206.54,0.7949,3392.01,0.027175,0.005683,0.081827,0.0,0.050255,0.027866,0.701533,0.10381,0.001851,built,0.701533,50,118,252,302,302,77.641,92.214,Persistent Thermal Source
demo_000046,synthetic_demo,True,17.110621,71.426906,2026-04-03T05:27:00,MODIS,VIIRS,116.091,333.633,83.38,1.3,2.107,D,water,381.52,0.5833,523.81,0.04467,0.124285,0.172629,0.007258,0.008645,0.012907,0.518263,0.102704,0.008638,built,0.518263,1,4,6,5,5,105.061,149.813,Industrial Fire
demo_000547,synthetic_demo,True,29.938592,74.032565,2026-04-15T05:22:00,VIIRS,VIIRS,39.092,324.88,81.0,0.957,1.401,D,warehouse,1669.86,0.2125,1491.86,0.10642,0.094443,0.196575,0.021781,0.367861,0.006303,0.027626,0.177899,0.001093,crops,0.367861,1,1,2,2,2,29.732,51.195,Agricultural Fire
demo_000686,synthetic_demo,True,21.154296,84.4937,2026-03-11T03:13:00,MODIS,VIIRS,142.318,335.119,80.01,1.742,0.43,D,none,105.81,0.6309,1059.66,0.0923,0.023338,0.000868,2.8e-05,1e-06,0.010003,0.771104,0.102357,0.0,built,0.771104,163,320,916,719,719,115.017,179.904,Persistent Thermal Source
demo_000769,synthetic_demo,True,23.430172,88.120084,2026-06-30T21:36:00,MODIS,VIIRS,69.173,335.147,82.78,0.941,1.319,N,farm,133.65,0.8168,300.25,0.001023,0.044728,0.088943,7.9e-05,0.008968,0.007597,0.669398,0.159454,0.019809,built,0.669398,70,297,465,435,435,66.687,112.002,Persistent Thermal Source
demo_000738,synthetic_demo,True,23.026672,86.671815,2026-08-17T01:24:00,MODIS,VIIRS,66.425,331.902,96.84,0.648,1.345,N,forest,240.63,0.8178,1429.57,0.00167,0.400883,0.002332,0.00804,0.005705,0.031789,0.403467,0.146034,7.9e-05,built,0.403467,23,84,127,132,132,58.945,74.946,Persistent Thermal Source
demo_000631,synthetic_demo,True,24.165491,86.087827,2026-02-11T11:22:00,MODIS,VIIRS,57.757,340.649,94.25,0.383,0.736,N,forest,229.87,0.9627,477.57,0.015182,0.040851,0.056081,0.016464,0.08053,0.048927,0.698541,0.043424,0.0,built,0.698541,219,266,488,706,706,59.948,105.886,Persistent Thermal Source
demo_000313,synthetic_demo,True,21.306075,79.905238,2026-06-22T01:32:00,VIIRS,VIIRS,253.726,325.703,84.36,0.769,1.311,D,forest,1450.59,0.115,1275.25,0.022426,0.798391,0.030874,0.021262,0.019752,0.070484,1.4e-05,0.024947,0.011851,trees,0.798391,1,7,8,9,9,219.471,291.037,Wildfire / Natural Fire
demo_000098,synthetic_demo,True,19.693213,70.810375,2026-08-14T16:57:00,VIIRS,MODIS,94.118,332.146,80.87,0.739,2.129,D,industrial,138.07,0.9452,155.0,0.035692,0.034944,0.192638,0.069121,0.013136,0.000106,0.639012,0.015351,0.0,built,0.639012,3,4,7,10,10,87.158,141.572,Industrial Fire
demo_000813,synthetic_demo,True,25.888933,72.290502,2026-06-06T22:05:00,MODIS,VIIRS,64.031,327.156,38.44,1.682,2.196,D,farm,778.14,0.02,1260.23,0.033343,0.193192,0.043592,0.005321,0.074572,0.102226,0.010696,0.536179,0.000879,bare,0.536179,2,4,10,13,13,61.544,73.627,Unknown / Other
demo_000842,synthetic_demo,True,25.853657,75.069994,2026-02-27T17:20:00,VIIRS,MODIS,10.854,328.878,58.17,0.403,1.922,D,farm,4043.36,0.1374,806.23,0.094585,0.045876,0.101877,0.015763,0.032177,0.291406,0.102859,0.315453,5e-06,bare,0.315453,2,8,16,13,13,8.337,11.71,Unknown / Other
demo_000913,synthetic_demo,True,26.280057,72.007931,2026-08-06T21:37:00,VIIRS,VIIRS,27.639,311.14,52.94,0.463,0.811,D,forest,4847.54,0.1754,1949.89,0.059271,0.14839,0.133915,0.004331,0.032204,0.153286,0.043675,0.424928,0.0,bare,0.424928,2,4,11,8,8,25.759,35.906,Unknown / Other
demo_000711,synthetic_demo,True,22.424922,88.905047,2026-05-09T22:30:00,VIIRS,MODIS,88.608,337.781,82.86,0.691,0.734,N,farm,128.44,0.5569,528.87,0.004776,0.005655,0.000299,0.000117,0.016196,0.127285,0.682894,0.162777,0.0,built,0.682894,33,42,78,103,103,91.96,121.69,Persistent Thermal Source
demo_000723,synthetic_demo,True,22.680973,85.557579,2026-06-26T06:29:00,MODIS,MODIS,85.116,346.037,92.13,1.242,1.733,D,forest,349.44,0.979,507.47,0.08461,0.000802,0.00267,2.3e-05,0.000166,0.118764,0.585759,0.170884,0.036322,built,0.585759,88,231,490,636,636,67.71,85.116,Persistent Thermal Source
demo_000425,synthetic_demo,True,30.049883,73.763843,2026-05-19T23:05:00,VIIRS,MODIS,22.074,334.859,80.14,0.743,1.054,D,warehouse,984.59,0.2407,696.0,0.073041,0.112068,0.095974,0.012297,0.316698,0.108292,0.035234,0.246395,1e-06,crops,0.316698,1,3,3,4,4,20.105,24.671,Agricultural Fire
demo_000333,synthetic_demo,True,21.015325,77.10398,2026-03-21T04:39:00,VIIRS,MODIS,208.911,362.708,86.58,1.614,1.252,D,industrial,3265.42,0.1484,1104.38,0.08556,0.605929,0.074272,5.9e-05,0.002109,0.194538,0.01684,0.020694,0.0,trees,0.605929,1,3,5,5,5,179.164,238.067,Wildfire / Natural Fire
demo_000776,synthetic_demo,True,20.951253,84.987481,2026-07-25T15:05:00,VIIRS,VIIRS,75.593,338.44,99.94,1.692,1.929,D,forest,311.57,0.6522,712.83,0.042716,0.012315,0.055337,0.009979,0.010926,0.00178,0.542534,0.322484,0.001929,built,,78,199,208,258,258,61.153,88.907,Persistent Thermal Source
demo_000156,synthetic_demo,True,20.130654,72.779854,2026-05-11T04:06:00,VIIRS,MODIS,75.765,336.489,75.65,1.391,1.623,N,warehouse,31.67,0.7899,729.83,0.026763,0.000146,0.00789,0.024447,5.9e-05,0.120425,0.677313,0.142957,0.0,built,0.677313,1,1,2,2,2,56.601,84.601,Industrial Fire
demo_000124,synthetic_demo,True,19.947266,73.779008,2026-06-01T17:04:00,VIIRS,VIIRS,110.744,337.724,84.1,1.66,1.051,N,forest,496.7,0.965,659.0,0.254318,0.018899,0.026988,7e-05,0.251062,5e-06,0.260046,0.172706,0.015907,built,0.260046,12,13,27,26,26,96.964,110.744,Industrial Fire
demo_000909,synthetic_demo,True,24.224745,71.737352,2026-03-15T20:54:00,VIIRS,VIIRS,47.142,313.01,69.73,0.814,1.213,N,forest,3199.06,0.2274,1704.74,0.088366,0.140529,0.081792,0.065625,0.001881,0.126221,0.025109,0.470478,0.0,bare,0.470478,1,3,5,8,8,40.443,47.142,Unknown / Other
demo_000527,synthetic_demo,True,30.55527,75.699521,2026-01-03T10:30:00,VIIRS,MODIS,99.186,326.732,71.01,1.224,1.448,D,warehouse,971.12,0.1916,608.11,0.111448,0.024973,0.064252,0.00182,0.484147,0.017253,0.140777,0.154447,0.000884,crops,0.484147,1,4,4,4,4,75.649,99.186,Agricultural Fire
demo_000521,synthetic_demo,True,30.308588,74.140575,2026-06-07T14:01:00,VIIRS,MODIS,37.588,317.624,62.44,1.743,0.418,D,industrial,1565.64,0.3179,1130.98,0.125895,0.001465,0.101206,0.024941,0.438796,0.190128,0.012472,0.105097,0.0,crops,0.438796,1,1,2,2,2,27.193,37.588,Agricultural Fire
demo_000316,synthetic_demo,True,23.084936,79.121126,2026-08-15T07:26:00,VIIRS,MODIS,143.044,335.012,74.29,1.398,0.693,D,none,2032.71,0.0882,916.08,0.015469,0.61393,0.067839,0.000281,0.060743,0.094028,0.026172,0.05322,0.068318,trees,0.61393,1,1,1,1,1,101.951,143.044,Wildfire / Natural Fire
demo_000892,synthetic_demo,True,26.45346,68.683645,2026-06-09T05:56:00,MODIS,VIIRS,12.213,324.111,47.92,1.328,0.701,D,forest,972.6,0.1174,2010.31,0.075331,0.133888,0.060925,0.01824,0.120215,0.121333,0.122063,0.348005,0.0,bare,0.348005,1,1,1,2,2,12.547,18.585,Unknown / Other
demo_000641,synthetic_demo,True,21.910736,87.672406,2026-07-16T18:40:00,VIIRS,MODIS,76.251,337.164,97.65,1.528,0.908,D,industrial,263.27,0.8067,777.1,0.089435,0.003397,0.003054,0.000907,0.012015,0.011441,0.545089,0.334662,0.0,built,0.545089,72,255,294,425,425,78.938,131.167,Persistent Thermal Source
demo_000967,synthetic_demo,True,28.625506,71.809128,2026-04-08T12:04:00,MODIS,VIIRS,51.434,313.279,75.89,1.486,1.059,D,industrial,3796.71,0.161,,0.134023,0.063371,0.038694,0.003045,0.189049,0.038887,0.017898,0.515023,1.1e-05,bare,0.515023,6,12,19,14,14,50.318,76.148,Unknown / Other
demo_000890,synthetic_demo,True,27.322893,71.914132,2026-03-24T14:07:00,VIIRS,VIIRS,46.614,327.978,41.38,1.074,2.129,D,water,1418.53,0.133,860.12,0.099995,0.085808,0.120599,0.09329,0.003821,0.199752,0.034993,0.361742,0.0,bare,0.361742,1,1,1,1,1,33.001,46.614,Unknown / Other
demo_000431,synthetic_demo,True,31.922697,75.639125,2026-03-11T15:36:00,MODIS,MODIS,40.29,313.183,86.06,1.456,1.995,D,industrial,609.91,0.0608,444.91,0.14743,0.001057,0.236836,0.014197,0.463018,0.021421,0.018523,0.097517,1e-06,crops,0.463018,1,2,2,2,2,36.776,63.414,Agricultural Fire
demo_000463,synthetic_demo,True,33.288369,75.982218,2026-04-07T05:37:00,MODIS,VIIRS,27.846,318.455,74.92,1.046,0.848,D,none,676.77,0.0999,1560.53,0.145507,0.065433,0.094329,0.001396,0.342605,0.153555,0.109136,0.087467,0.000571,crops,0.342605,1,1,3,3,3,22.471,28.873,Agricultural Fire
demo_000338,synthetic_demo,True,21.907648,76.571334,2026-06-03T13:37:00,VIIRS,MODIS,108.949,336.511,99.76,0.372,1.81,D,forest,4695.61,0.0256,907.36,0.00359,0.689497,0.031298,0.012864,3.3e-05,0.112494,0.038233,0.066984,0.045007,trees,0.689497,1,1,1,1,1,108.5,116.765,Wildfire / Natural Fire
demo_000843,synthetic_demo,True,24.494974,72.997438,2026-03-08T03:59:00,VIIRS,MODIS,13.95,326.001,55.73,1.313,1.68,D,none,1583.15,0.0305,9.33,0.027827,0.094957,0.312443,8e-06,0.063194,0.11261,0.031253,0.357709,0.0,bare,0.357709,2,6,13,11,11,14.17,21.775,Unknown / Other
demo_000543,synthetic_demo,True,31.672786,76.81851,2026-05-31T23:02:00,MODIS,VIIRS,21.374,315.372,82.82,0.476,0.579,D,industrial,1574.16,0.333,39.09,0.104953,0.040423,0.02611,0.02191,0.586079,0.093956,0.02324,0.100775,0.002553,crops,0.586079,1,1,3,2,2,17.152,21.374,Agricultural Fire
demo_000784,synthetic_demo,True,22.523058,85.034384,2026-06-20T00:24:00,MODIS,MODIS,55.141,333.866,95.76,1.621,1.206,N,farm,137.8,0.7824,558.14,0.15075,0.008945,0.049606,0.000591,0.006173,0.06866,0.682246,0.0329,0.000128,built,0.682246,68,82,162,232,232,47.915,58.897,Persistent Thermal Source
demo_000700,synthetic_demo,True,23.951393,87.188658,2026-02-15T09:00:00,VIIRS,MODIS,80.766,346.426,84.04,1.207,1.096,D,warehouse,118.12,0.8244,841.9,0.063097,0.010057,0.10148,0.014826,0.000111,7e-06,0.737187,0.073235,0.0,built,0.737187,94,530,828,711,711,73.56,105.638,Persistent Thermal Source
demo_000908,synthetic_demo,True,27.650207,74.952221,2026-01-12T19:21:00,VIIRS,MODIS,23.13,314.584,67.69,0.97,1.75,N,farm,1551.46,0.0097,1573.6,0.000364,0.047097,0.07517,0.003338,0.016141,0.140566,0.015945,0.701378,0.0,bare,0.701378,1,6,11,10,10,19.624,24.654,Unknown / Other
demo_000936,synthetic_demo,True,25.717909,71.929833,2026-08-16T19:14:00,MODIS,MODIS,10.185,322.283,51.7,1.442,1.06,D,forest,5149.39,0.0526,310.82,0.230126,0.096746,0.018398,4e-06,0.018141,0.092519,0.194009,0.350058,0.0,bare,0.350058,1,1,1,1,1,8.418,14.962,Unknown / Other
demo_000834,synthetic_demo,True,25.780515,69.233887,2026-03-27T05:26:00,VIIRS,MODIS,5.041,326.386,77.29,0.983,0.692,N,farm,7659.98,0.2286,1440.65,0.031569,0.075863,0.011777,0.010723,0.013047,0.189828,0.326412,0.340781,0.0,bare,0.340781,1,2,4,4,4,3.791,6.575,Unknown / Other
demo_000532,synthetic_demo,True,34.003794,74.842471,2026-03-15T02:13:00,MODIS,VIIRS,29.489,318.594,93.85,1.146,2.005,D,water,189.67,0.2392,679.97,0.010286,0.004774,0.172909,0.024931,0.604532,0.082658,0.080389,0.019521,0.0,crops,0.604532,1,1,2,3,3,28.504,45.629,Agricultural Fire
demo_000381,synthetic_demo,True,23.045026,79.40754,2026-01-09T00:41:00,MODIS,VIIRS,117.823,339.973,72.39,0.649,0.552,D,forest,2207.82,0.0049,2627.08,0.09689,0.642379,0.027256,0.000356,0.000517,0.198355,0.009625,0.024622,0.0,trees,0.642379,1,2,2,3,3,109.671,147.708,Wildfire / Natural Fire
demo_000315,synthetic_demo,True,22.192141,76.090127,2026-05-04T00:19:00,VIIRS,MODIS,289.551,337.741,67.99,1.615,0.856,D,none,2594.62,0.0691,1060.83,0.000485,0.475664,0.08215,0.03827,0.005668,0.392792,0.000183,0.004788,0.0,trees,0.475664,1,4,4,5,5,233.528,290.257,Wildfire / Natural Fire
demo_000283,synthetic_demo,True,22.943311,78.075513,2026-03-15T11:03:00,MODIS,VIIRS,135.96,332.228,97.27,1.295,2.074,D,farm,8347.3,0.052,451.29,0.168657,0.402421,0.159598,0.01113,0.009308,0.195992,0.000192,0.052533,0.00017,trees,0.402421,5,5,10,11,11,134.065,210.538,Wildfire / Natural Fire
demo_000753,synthetic_demo,True,23.577902,84.626807,2026-08-17T15:05:00,MODIS,VIIRS,88.153,337.631,89.76,0.702,0.526,D,none,270.21,0.5839,1320.72,0.011978,0.022609,0.071375,4.4e-05,0.002149,0.003255,0.820369,0.068219,0.0,built,0.820369,50,278,512,397,397,64.727,97.464,Persistent Thermal Source
demo_000480,synthetic_demo,True,29.201656,76.405209,2026-01-27T10:43:00,MODIS,MODIS,42.188,323.765,84.87,1.787,1.127,D,farm,785.21,0.1182,250.71,0.272374,0.021564,0.034577,0.059023,0.480315,0.029677,0.002354,0.100116,0.0,crops,0.480315,1,1,1,1,1,29.928,42.188,Agricultural Fire
demo_000140,synthetic_demo,True,19.260975,73.851596,2026-03-13T13:15:00,VIIRS,VIIRS,43.9,351.803,97.53,1.506,1.447,N,water,196.41,0.7046,217.35,0.019701,0.016914,0.009758,0.068287,0.198334,0.001508,0.636546,0.048953,0.0,built,0.636546,3,4,8,12,12,33.227,48.904,Industrial Fire
demo_000181,synthetic_demo,True,18.761806,73.423854,2026-08-23T21:34:00,VIIRS,MODIS,82.031,345.357,73.68,0.961,0.666,D,water,199.51,0.5647,369.13,0.005028,0.056497,0.035383,0.006609,0.110892,0.01227,0.654955,0.11828,8.6e-05,built,0.654955,2,6,9,11,11,68.226,88.687,Industrial Fire
demo_000821,synthetic_demo,True,25.357102,70.106824,2026-02-19T04:31:00,MODIS,MODIS,39.723,311.826,54.34,1.115,1.208,D,industrial,1248.15,0.2004,187.21,0.12127,0.059125,0.009666,0.093087,0.023777,0.198927,0.037005,0.457143,0.0,bare,0.457143,1,1,2,2,2,38.084,50.248,Unknown / Other
demo_000452,synthetic_demo,True,29.84456,75.340937,2026-05-08T02:08:00,VIIRS,MODIS,49.926,328.639,72.78,0.638,0.798,N,industrial,343.46,0.3163,441.45,0.006109,0.220257,0.097496,0.001213,0.333698,0.038529,0.054007,0.245968,0.002723,crops,0.333698,1,2,3,4,4,51.861,90.674,Agricultural Fire
demo_000574,synthetic_demo,True,29.551584,75.328881,2026-08-23T16:40:00,VIIRS,MODIS,28.06,335.684,67.81,0.741,1.258,D,warehouse,767.57,0.173,283.57,0.002548,0.049603,0.209266,0.020292,0.613175,0.03493,0.058889,0.011298,0.0,crops,0.613175,1,1,3,2,2,24.878,44.625,Agricultural Fire
demo_000709,synthetic_demo,True,21.95721,85.599992,2026-03-21T09:37:00,MODIS,VIIRS,128.205,333.64,85.86,1.754,1.036,N,none,188.25,0.7107,1132.69,0.04997,0.010189,0.116931,0.000774,0.068953,0.011683,0.714778,0.026722,0.0,built,0.714778,71,71,221,163,163,134.494,220.64,Persistent Thermal Source
demo_000744,synthetic_demo,True,22.224673,87.072715,2026-01-02T04:55:00,VIIRS,VIIRS,76.861,343.815,80.2,0.848,1.179,D,warehouse,400.96,0.7521,633.25,0.009067,0.032183,0.011065,0.006302,0.006783,0.060867,0.601974,0.262094,0.009666,built,0.601974,97,494,571,638,638,68.272,111.884,Persistent Thermal Source
demo_000889,synthetic_demo,True,24.912838,69.262573,2026-02-12T12:03:00,MODIS,VIIRS,19.834,311.141,73.36,1.681,0.546,N,water,3494.95,0.1781,330.07,0.034691,0.050894,0.12583,7.9e-05,0.072089,0.197022,0.070387,0.443067,0.005942,bare,0.443067,2,4,11,8,8,15.01,23.912,Unknown / Other
demo_000847,synthetic_demo,True,25.382928,71.030651,2026-04-08T18:28:00,MODIS,VIIRS,11.982,325.35,71.49,1.77,2.1,D,farm,1255.74,0.1084,1572.8,0.007861,0.102473,0.014499,0.04277,0.080196,0.170871,0.00837,0.572876,8.4e-05,bare,0.572876,1,3,5,6,6,11.738,19.409,Unknown / Other
demo_000882,synthetic_demo,True,25.867406,68.742311,2026-02-03T23:59:00,MODIS,MODIS,19.841,328.235,52.82,0.424,1.501,D,industrial,4546.59,0.0882,677.68,0.008877,0.17872,0.066044,0.021434,0.064619,0.221803,0.048156,0.390346,0.0,bare,0.390346,3,3,4,6,6,19.762,31.113,Unknown / Other
demo_000972,synthetic_demo,True,25.244923,70.959142,2026-08-23T07:39:00,VIIRS,VIIRS,23.655,324.211,75.29,1.18,1.997,D,,10278.05,0.1967,2116.46,0.028952,0.057025,0.101096,0.004055,0.050876,0.01911,0.0193,0.71929,0.000296,bare,0.71929,2,4,12,10,10,24.208,42.933,Unknown / Other
demo_000149,synthetic_demo,True,17.77563,73.94413,2026-06-26T15:15:00,MODIS,MODIS,45.564,331.675,96.86,0.465,0.78,D,farm,525.0,0.6627,1509.41,0.009541,0.007776,0.080179,0.0084,0.025293,0.028954,0.761629,0.078227,0.0,built,0.761629,2,6,16,12,12,45.135,77.972,Industrial Fire
demo_000906,synthetic_demo,True,25.567628,71.286033,2026-06-25T11:35:00,VIIRS,VIIRS,25.216,310.275,39.49,1.137,0.944,D,none,4299.01,0.2447,1839.12,0.049255,0.118966,0.022648,0.001335,0.140192,0.100322,0.026393,0.54089,0.0,bare,0.54089,1,1,1,1,1,19.131,26.642,Unknown / Other
demo_000860,synthetic_demo,True,26.064586,72.114389,2026-01-04T07:30:00,VIIRS,VIIRS,12.536,313.082,62.08,0.623,1.994,N,farm,7166.21,0.0733,347.7,0.089654,0.083686,0.018018,0.000176,0.059122,0.153276,0.080559,0.48739,0.028119,bare,0.48739,1,1,1,2,2,9.257,15.204,Unknown / Other
demo_000937,synthetic_demo,True,27.426427,70.016029,2026-03-07T18:38:00,MODIS,VIIRS,22.092,309.377,66.65,1.1,0.963,D,none,1413.3,0.0992,590.01,0.021008,0.057833,0.016493,0.008055,0.015399,0.151838,0.043608,0.685766,0.0,bare,0.685766,2,5,10,12,12,17.862,28.298,Unknown / Other
demo_000950,synthetic_demo,True,24.818027,71.464122,2026-05-03T21:01:00,MODIS,MODIS,33.392,315.315,78.61,1.574,1.478,D,water,1737.42,0.0412,997.69,0.156952,0.160066,0.007334,0.20132,0.008263,0.079465,0.011777,0.373974,0.000849,bare,0.373974,2,2,5,4,4,30.361,44.761,Unknown / Other
demo_000737,synthetic_demo,True,21.208967,87.90143,2026-05-27T20:53:00,MODIS,VIIRS,134.123,345.032,95.57,1.34,1.196,N,none,196.14,0.5544,203.39,0.109429,0.167454,0.002633,0.025613,0.002375,0.014589,0.548687,0.12922,0.0,built,0.548687,63,154,171,251,251,116.957,181.423,Persistent Thermal Source
demo_000921,synthetic_demo,True,24.73363,70.873739,2026-07-07T07:23:00,VIIRS,VIIRS,47.86,316.704,65.51,1.082,0.837,N,water,4244.25,0.112,749.25,0.011386,0.22167,0.038769,0.017715,0.018646,0.108372,0.01107,0.572359,1.5e-05,bare,0.572359,2,6,11,12,12,47.118,69.571,Unknown / Other
demo_000951,synthetic_demo,True,29.070099,71.573403,2026-02-11T22:37:00,VIIRS,VIIRS,44.217,326.747,44.98,0.366,1.274,D,farm,2175.06,0.0422,2388.74,0.101342,0.191583,0.097537,0.11916,0.050388,0.065474,0.019894,0.354623,0.0,bare,0.354623,1,7,11,10,10,36.342,53.427,Unknown / Other
demo_000290,synthetic_demo,True,22.103707,78.14235,2026-03-25T08:16:00,VIIRS,MODIS,158.131,337.191,73.71,0.502,0.428,N,industrial,3387.18,0.033,1332.84,0.000588,0.556749,0.173619,0.043595,0.002043,0.148478,0.051941,0.022459,0.000527,trees,0.556749,1,2,4,4,4,139.996,194.605,Wildfire / Natural Fire
demo_000948,synthetic_demo,True,26.792711,70.753439,2026-06-06T18:02:00,MODIS,MODIS,13.632,303.437,83.2,1.748,1.268,D,forest,958.1,0.0816,451.43,0.132143,0.042381,0.219879,0.030114,0.012934,0.095667,0.026518,0.440364,0.0,bare,0.440364,2,3,9,7,7,11.242,19.931,Unknown / Other
demo_000225,synthetic_demo,True,23.305291,75.416531,2026-06-06T02:33:00,MODIS,MODIS,133.651,353.252,75.99,1.558,1.294,D,farm,1776.25,0.1417,562.04,0.062672,0.665597,0.122317,0.027061,0.037634,0.070683,0.011957,0.002078,0.0,trees,0.665597,1,1,4,4,4,124.542,140.898,Wildfire / Natural Fire
demo_000250,synthetic_demo,True,22.052121,79.363048,2026-08-25T23:58:00,MODIS,MODIS,276.35,355.479,79.44,0.406,1.644,D,none,1914.05,0.0956,771.55,0.18088,0.445916,0.077577,0.043646,0.048797,0.086972,0.004018,0.112193,0.0,trees,0.445916,1,1,1,2,2,270.58,452.293,Wildfire / Natural Fire
demo_000671,synthetic_demo,True,20.368263,84.235412,2026-05-30T12:24:00,VIIRS,VIIRS,66.656,342.701,92.07,1.056,1.514,D,none,115.22,0.6424,1295.15,0.090578,0.019675,0.001417,0.015084,0.014181,5e-06,0.832886,0.026174,2e-06,built,0.832886,77,235,415,377,377,64.782,90.993,Persistent Thermal Source
demo_000924,synthetic_demo,True,26.154216,69.758596,2026-01-17T20:53:00,MODIS,MODIS,6.797,317.187,75.77,1.272,0.725,D,none,2672.27,0.1223,4780.96,0.159222,0.073158,0.038192,0.039891,0.008641,0.089545,0.051035,0.540317,0.0,bare,0.540317,1,3,5,7,7,5.331,6.797,Unknown / Other
demo_000786,synthetic_demo,True,23.470584,88.7011,2026-02-18T04:00:00,VIIRS,MODIS,92.07,336.918,85.61,1.301,1.442,N,industrial,343.66,0.7141,1324.34,0.007217,0.022215,0.029325,0.000182,0.000897,0.103264,0.764575,0.071896,0.000429,built,0.764575,22,65,198,140,140,78.564,140.765,Persistent Thermal Source
demo_000870,synthetic_demo,True,25.831761,70.531956,2026-06-13T22:15:00,VIIRS,MODIS,27.792,302.659,40.69,0.753,1.865,D,warehouse,1744.28,0.0986,992.55,0.05701,0.112391,0.108302,0.024111,0.0636,0.243927,0.006993,0.383665,0.0,bare,0.383665,2,2,3,4,4,27.117,42.943,Unknown / Other
demo_000609,synthetic_demo,True,25.412471,86.058236,2026-07-21T14:04:00,MODIS,MODIS,62.273,344.537,84.42,0.493,0.816,D,warehouse,349.4,0.8747,1464.76,0.031102,0.027254,0.009528,0.014834,0.141201,0.084117,0.564519,0.127429,1.5e-05,built,0.564519,156,278,319,414,414,50.968,62.273,Persistent Thermal Source
demo_000885,synthetic_demo,True,27.758923,71.498063,2026-02-22T06:33:00,VIIRS,VIIRS,28.507,303.402,37.13,1.077,1.249,D,forest,1972.28,0.0878,1136.14,0.018099,0.11187,0.047284,4.1e-05,0.036164,0.208602,0.01234,0.560636,0.004965,bare,0.560636,2,8,14,11,11,25.168,35.866,Unknown / Other
demo_000780,synthetic_demo,True,21.866232,85.447828,2026-03-06T01:03:00,VIIRS,VIIRS,71.8,341.639,98.79,0.805,0.933,D,water,135.97,0.6118,453.32,0.058413,0.017518,0.018631,6.2e-05,0.323703,0.01699,0.425416,0.139125,0.000142,built,0.425416,88,266,489,650,650,69.378,121.334,Persistent Thermal Source
demo_000802,synthetic_demo,True,24.116649,74.990024,2026-03-11T18:27:00,MODIS,MODIS,23.248,309.19,66.63,0.585,1.091,D,industrial,7514.0,0.0023,1330.95,0.049128,0.094377,0.055919,0.023042,0.066446,0.231397,0.049256,0.430436,0.0,bare,0.430436,1,2,4,4,4,19.012,23.248,Unknown / Other
demo_000421,synthetic_demo,True,31.069049,72.899185,2026-04-16T18:20:00,MODIS,VIIRS,55.409,326.025,70.98,1.23,0.533,D,none,476.56,0.246,1090.82,0.121746,0.226826,0.026859,0.00745,0.499343,0.014529,0.029583,0.073606,5.7e-05,crops,0.499343,1,1,1,1,1,52.95,77.171,Agricultural Fire
demo_000794,synthetic_demo,True,21.444896,84.999596,2026-07-27T08:06:00,VIIRS,MODIS,82.364,352.41,95.07,0.944,0.766,D,none,118.19,0.8254,1425.42,0.005848,0.036624,0.002328,0.003133,0.010198,0.023763,0.688905,0.229199,2e-06,built,0.688905,222,318,593,579,579,76.782,132.29,Persistent Thermal Source
demo_000256,synthetic_demo,True,23.145987,79.04468,2026-06-13T06:53:00,MODIS,VIIRS,131.512,328.712,75.18,1.152,1.962,D,industrial,4050.22,0.076,1530.16,0.048183,0.477113,0.151262,0.101108,0.041035,0.165167,4e-06,0.016128,0.0,trees,0.477113,1,2,4,5,5,94.11,143.488,Wildfire / Natural Fire
demo_000539,synthetic_demo,True,30.01725,72.880171,2026-02-22T03:20:00,MODIS,VIIRS,25.175,330.205,80.94,1.122,0.792,D,forest,944.93,0.2469,997.12,0.055278,0.062724,0.001762,0.010892,0.375034,0.008236,0.145455,0.340618,0.0,crops,0.375034,1,1,1,1,1,23.361,28.063,Agricultural Fire
demo_000028,synthetic_demo,True,18.269367,69.718999,2026-02-26T00:50:00,MODIS,MODIS,73.157,333.512,83.05,1.334,1.238,D,water,393.37,0.6026,686.19,0.026201,0.006434,0.057592,0.00065,0.004273,0.017575,0.455508,0.429456,0.00231,built,0.455508,5,11,27,23,23,65.657,103.567,Industrial Fire
demo_000176,synthetic_demo,True,16.884126,74.182628,2026-05-22T12:36:00,MODIS,VIIRS,42.666,333.699,79.54,1.152,0.541,D,forest,56.51,0.6848,319.3,0.007675,0.025196,0.082747,1.1e-05,0.159136,4.7e-05,0.675099,0.046585,0.003503,built,0.675099,4,8,13,19,19,38.69,44.117,Industrial Fire
demo_000029,synthetic_demo,True,19.589882,73.321047,2026-05-01T07:41:00,MODIS,VIIRS,62.696,333.753,98.35,0.687,1.226,D,warehouse,92.39,0.6282,1409.16,0.19712,0.128225,0.016156,0.008831,0.002184,0.078185,0.437108,0.13219,0.0,built,0.437108,1,4,7,8,8,65.172,83.254,Industrial Fire
demo_000868,synthetic_demo,True,25.797484,70.148117,2026-03-20T18:43:00,VIIRS,MODIS,17.417,320.431,58.61,0.696,1.892,N,industrial,1234.35,0.0893,644.49,0.004307,0.093424,0.04961,0.00279,0.023605,0.279718,0.106585,0.433271,0.00669,bare,0.433271,3,4,7,10,10,15.622,23.458,Unknown / Other
demo_000816,synthetic_demo,True,25.264209,70.876767,2026-03-17T04:05:00,VIIRS,MODIS,14.6,,84.45,1.502,0.846,D,forest,2608.33,0.173,166.12,0.151603,0.095427,0.019955,0.025025,0.001119,0.110964,0.097387,0.497513,0.001006,bare,0.497513,2,4,11,13,13,11.812,18.808,Unknown / Other
demo_000179,synthetic_demo,True,19.912005,72.489464,2026-03-19T17:31:00,MODIS,MODIS,76.227,336.085,95.16,0.743,0.861,D,forest,122.81,0.6987,231.4,0.023589,0.010718,0.043324,0.01183,0.025279,0.113974,0.615532,0.155725,2.8e-05,built,0.615532,1,1,2,3,3,54.37,76.227,Industrial Fire
demo_000500,synthetic_demo,True,31.221389,74.486352,2026-02-28T15:42:00,VIIRS,MODIS,19.363,318.815,95.52,1.275,1.097,D,industrial,614.61,0.312,788.72,0.014473,0.000247,0.051991,0.019088,0.748892,0.011481,0.022952,0.129269,0.001606,crops,0.748892,1,2,3,3,3,19.702,32.63,Agricultural Fire
demo_000226,synthetic_demo,True,22.544555,77.844728,2026-04-04T11:03:00,VIIRS,VIIRS,275.426,351.344,71.56,0.853,1.268,D,warehouse,1454.92,0.0954,1132.59,0.121973,0.584433,0.040522,0.018752,0.013094,0.159313,0.003128,0.058781,5e-06,trees,0.584433,1,2,6,5,5,270.966,451.436,Wildfire / Natural Fire
demo_000697,synthetic_demo,True,23.985113,84.695031,2026-06-09T02:01:00,MODIS,MODIS,86.211,336.942,89.71,1.241,0.895,D,industrial,76.92,0.586,798.68,0.01452,0.001777,0.008076,0.023879,0.000105,0.044659,0.773826,0.133159,0.0,built,0.773826,72,193,414,377,377,60.776,106.3,Persistent Thermal Source
demo_000728,synthetic_demo,True,23.128214,85.333925,2026-07-08T02:11:00,VIIRS,MODIS,80.21,329.942,98.57,0.519,0.474,N,forest,64.6,0.6039,327.0,0.060145,0.042186,0.05809,0.038907,0.005124,0.00852,0.555613,0.231379,3.6e-05,built,0.555613,137,239,604,667,667,65.946,114.546,Persistent Thermal Source
demo_000555,synthetic_demo,True,30.604854,74.85539,2026-02-03T15:43:00,MODIS,VIIRS,32.125,317.214,87.43,0.676,1.722,D,farm,295.89,0.3411,1078.64,0.07954,0.02337,0.150178,0.005632,0.556982,0.069641,0.003794,0.067415,0.043449,crops,0.556982,1,1,2,3,3,31.04,45.577,Agricultural Fire
demo_000095,synthetic_demo,True,17.881821,74.505793,2026-02-05T00:07:00,MODIS,MODIS,61.647,337.059,87.79,0.737,1.85,D,forest,183.16,0.9745,1279.71,0.010553,0.017228,0.242217,0.208046,0.004883,0.004027,0.454023,0.058369,0.000654,built,0.454023,6,8,16,15,15,44.696,66.071,Industrial Fire
demo_000260,synthetic_demo,True,23.530752,77.081886,2026-07-19T14:56:00,VIIRS,VIIRS,319.233,316.705,83.63,1.676,1.038,D,forest,3544.24,0.1397,1043.43,0.04123,0.503956,0.103076,0.0,0.006073,0.330447,0.003924,0.011294,0.0,trees,0.503956,3,4,6,9,9,286.126,482.895,Wildfire / Natural Fire
demo_000050,synthetic_demo,True,17.993414,73.159543,2026-01-11T01:57:00,MODIS,VIIRS,119.804,339.687,95.2,0.58,0.942,N,farm,43.7,0.7342,645.36,0.074081,0.071987,0.009334,8.5e-05,0.000985,4.1e-05,0.675549,0.167936,0.0,built,0.675549,4,13,15,23,23,109.457,136.493,Industrial Fire
demo_000152,synthetic_demo,True,18.690236,70.45458,2026-03-19T03:47:00,MODIS,VIIRS,219.555,340.307,91.73,1.312,1.725,N,none,206.23,0.8276,834.83,0.172462,0.001753,0.013327,0.005187,0.001777,0.006024,0.583785,0.21568,5e-06,built,0.583785,4,8,17,24,24,210.405,264.246,Industrial Fire
demo_000227,synthetic_demo,True,23.445414,79.24027,2026-07-19T17:15:00,VIIRS,VIIRS,194.507,323.903,78.18,1.093,2.179,D,water,2369.73,0.1112,1665.21,0.023999,0.329326,0.26408,0.014648,0.066845,0.194531,0.0,0.105405,0.001165,trees,0.329326,1,1,1,2,2,166.751,194.507,Wildfire / Natural Fire
demo_000080,synthetic_demo,True,20.129737,72.319695,2026-07-31T18:55:00,VIIRS,MODIS,104.62,336.023,79.0,1.467,0.694,N,warehouse,338.07,0.6175,744.03,0.027276,0.031105,0.013886,0.027644,0.01198,0.000419,0.8584,0.029283,7e-06,built,0.8584,1,5,6,5,5,108.718,180.334,Industrial Fire
demo_000235,synthetic_demo,True,23.672255,77.293187,2026-05-22T03:07:00,VIIRS,VIIRS,209.903,348.595,96.49,0.451,0.442,D,none,4954.18,0.1172,1213.43,0.162099,0.480301,0.23121,8.7e-05,0.01381,0.090017,0.009628,0.012766,8.1e-05,trees,0.480301,1,1,1,1,1,187.636,307.317,Wildfire / Natural Fire
demo_000506,synthetic_demo,True,31.375556,74.535697,2026-01-19T06:52:00,MODIS,VIIRS,45.674,322.071,91.06,1.014,1.528,D,industrial,600.76,0.2906,761.0,0.000916,0.080722,0.089665,0.000754,0.64364,0.034752,0.004043,0.144114,0.001394,crops,0.64364,1,3,3,4,4,38.295,45.674,Agricultural Fire
demo_000900,synthetic_demo,True,25.365301,70.295758,2026-03-29T12:23:00,VIIRS,MODIS,23.227,303.827,70.17,1.472,1.27,N,none,7986.78,0.2414,799.05,0.036722,0.153482,0.064965,0.003209,0.004282,0.199245,0.023372,0.514722,0.0,bare,0.514722,2,2,8,7,7,22.356,26.38,Unknown / Other
demo_000969,synthetic_demo,True,26.121932,72.214327,2026-08-01T01:59:00,MODIS,VIIRS,21.315,323.7,70.01,0.352,1.12,D,industrial,4846.4,0.1889,1244.33,0.211335,0.050742,0.225762,0.000213,0.127952,0.106681,0.010413,0.266901,0.0,bare,0.266901,4,9,10,9,9,16.657,23.073,Unknown / Other
demo_000352,synthetic_demo,True,22.912046,78.855956,2026-04-04T04:16:00,VIIRS,VIIRS,252.807,351.591,85.64,0.596,1.153,D,industrial,1892.93,0.0263,359.13,0.038405,0.526488,0.082091,0.091347,0.150769,0.079279,0.000699,0.030894,2.8e-05,trees,0.526488,2,2,4,5,5,231.506,309.455,Wildfire / Natural Fire
demo_000554,synthetic_demo,True,32.008222,74.06738,2026-05-18T07:34:00,MODIS,MODIS,51.3,338.234,77.53,1.625,0.688,D,forest,829.53,0.3218,504.69,0.060933,0.05593,0.067691,0.002374,0.46954,0.001012,0.007576,0.33494,5e-06,crops,0.46954,1,1,3,3,3,41.584,74.537,Agricultural Fire
demo_000809,synthetic_demo,True,26.200639,71.51137,2026-02-27T16:03:00,MODIS,MODIS,5.789,315.327,67.82,0.403,1.265,D,water,2578.28,0.0858,603.92,0.045863,0.2719,0.012077,0.007304,0.006041,0.118392,0.010633,0.521144,0.006647,bare,0.521144,1,3,4,6,6,5.161,8.388,Unknown / Other
demo_000085,synthetic_demo,True,19.696841,71.953536,2026-05-13T04:39:00,MODIS,MODIS,75.874,329.868,74.65,1.405,0.398,D,farm,411.98,0.6109,1181.57,0.008291,0.09366,0.048393,0.093973,0.039637,0.000714,0.59931,0.116022,0.0,built,0.59931,1,1,2,2,2,69.325,111.428,Industrial Fire
demo_000538,synthetic_demo,True,30.788264,77.888415,2026-02-25T18:00:00,VIIRS,MODIS,29.113,330.168,90.33,1.564,1.248,D,industrial,443.77,0.263,1109.05,0.002502,0.076267,0.11215,0.091941,0.474713,0.058289,0.081443,0.102696,0.0,crops,0.474713,1,1,2,2,2,29.735,39.198,Agricultural Fire
demo_000482,synthetic_demo,True,32.034248,76.28883,2026-03-17T02:41:00,MODIS,VIIRS,61.314,327.98,71.35,1.362,1.423,D,forest,956.97,0.2984,229.6,0.248434,0.014416,0.03848,0.000863,0.252907,0.29632,0.051053,0.097527,0.0,shrub_scrub,0.29632,1,2,3,4,4,44.016,77.712,Agricultural Fire
demo_000747,synthetic_demo,True,20.721337,87.509994,2026-03-28T15:46:00,MODIS,MODIS,97.156,345.834,99.19,1.32,0.768,D,none,85.65,0.7476,325.9,0.077555,0.004086,0.027264,0.014249,0.006903,1e-06,0.614921,0.25502,0.0,built,0.614921,33,58,208,171,171,94.751,139.197,Persistent Thermal Source
demo_000010,synthetic_demo,True,19.598374,73.12858,2026-01-04T16:52:00,MODIS,VIIRS,62.992,338.009,80.62,0.523,0.872,D,none,254.12,0.9183,841.22,0.116576,0.084936,0.018814,0.000626,1e-06,0.000147,0.66194,0.116847,0.000114,built,0.66194,1,6,6,6,6,53.707,90.115,Industrial Fire
demo_000147,synthetic_demo,True,19.353687,75.194821,2026-06-29T06:39:00,MODIS,VIIRS,78.345,343.906,72.11,1.286,0.618,D,none,59.79,0.947,1003.89,0.041895,0.049862,0.021027,0.004797,0.007636,0.005465,0.817302,0.05201,7e-06,built,0.817302,4,4,9,9,9,63.728,102.58,Industrial Fire
demo_000068,synthetic_demo,True,19.387301,72.207145,2026-03-03T16:11:00,VIIRS,VIIRS,98.597,336.763,88.01,1.286,1.816,D,water,381.67,0.5934,1463.84,0.06755,0.198392,0.000299,0.007797,0.004015,0.010153,0.498719,0.210552,0.002523,built,0.498719,3,19,22,19,19,69.877,98.597,Industrial Fire
demo_000804,synthetic_demo,True,27.144146,70.534232,2026-01-01T16:16:00,MODIS,MODIS,43.183,309.341,57.15,1.319,1.485,N,industrial,1615.89,0.1806,1828.47,0.092093,0.110159,0.051456,0.040412,0.031586,0.327815,0.016937,0.30475,0.024794,shrub_scrub,0.327815,1,1,1,1,1,34.079,43.183,Unknown / Other
demo_000390,synthetic_demo,True,22.933019,80.171256,2026-03-24T08:17:00,VIIRS,VIIRS,75.545,353.837,95.98,0.702,2.082,D,forest,2271.32,0.1148,2100.37,0.016949,0.478615,0.079561,0.000827,4.7e-05,0.411836,0.001456,0.010708,0.0,trees,0.478615,1,5,8,8,8,75.781,121.79,Wildfire / Natural Fire
demo_000982,synthetic_demo,True,25.847462,72.705873,2026-01-01T15:44:00,VIIRS,VIIRS,15.197,291.41,53.75,1.309,1.39,D,none,2833.38,0.0509,1806.94,0.201749,0.144536,0.035271,0.00038,0.109546,0.05593,0.020226,0.432363,0.0,bare,0.432363,1,4,11,8,8,12.221,18.221,Unknown / Other
demo_000905,synthetic_demo,True,28.130504,68.231374,2026-01-12T15:52:00,VIIRS,VIIRS,12.172,323.943,84.34,1.565,1.146,D,forest,2046.53,0.1689,928.79,0.135771,0.068157,0.022997,0.039439,0.066371,0.130601,0.096063,0.440601,0.0,bare,0.440601,2,4,9,12,12,12.669,18.335,Unknown / Other
